bedrooms,bathrooms,size_sqm,plot_size_sqm,age_years,distance_to_cbd_km,gated_community,has_pool,has_garage,has_backup_power,has_borehole,price_ghs,city_Cape Coast,city_Kumasi,city_Takoradi,city_Tamale,city_Tema,property_type_Detached House,property_type_Semi-Detached,property_type_Townhouse,price_per_sqm_proxy,total_rooms,is_far_from_cbd
4,4,204.1,260.4,23,3.75,0,0,1,0,1,886393.67,False,True,False,False,False,False,True,False,204.1,8,0
6,5,280.6,0.0,9,0.88,1,0,0,0,1,857246.54,False,False,False,True,False,False,False,False,280.6,11,0
3,2,161.9,197.0,24,27.47,1,0,0,0,1,562882.36,False,True,False,False,False,False,True,False,161.9,5,1
3,3,169.3,0.0,7,11.76,0,0,0,0,0,667768.92,False,True,False,False,False,False,False,False,169.3,6,0
3,2,152.3,295.7,27,0.87,0,0,0,1,0,736923.8,True,False,False,False,False,True,False,False,152.3,5,0
2,1,123.1,148.6,10,2.27,1,0,1,1,1,1809125.84,False,False,False,False,False,True,False,False,123.1,3,0
3,3,211.7,437.4,11,8.62,1,0,0,1,1,876875.97,True,False,False,False,False,False,False,True,211.7,6,0
3,3,165.0,221.2,6,5.66,1,0,0,1,1,1428839.76,False,False,False,False,True,False,False,True,165.0,6,0
3,2,182.3,288.9,20,16.91,1,0,0,1,1,1300190.34,False,False,False,False,False,False,True,False,182.3,5,1
3,3,165.2,373.9,8,3.41,0,0,1,1,0,815364.82,False,False,True,False,False,False,False,True,165.2,6,0
2,2,123.4,0.0,25,26.76,0,0,0,0,0,399164.25,False,False,False,False,False,False,False,False,123.4,4,1
3,3,186.9,282.6,1,6.56,0,0,1,0,0,2087861.16,False,False,False,False,False,True,False,False,186.9,6,0
3,2,205.5,459.8,8,3.59,0,0,1,1,0,2079272.37,False,False,False,False,False,False,False,True,205.5,5,0
4,4,187.0,0.0,17,15.05,1,0,1,0,1,821865.35,False,True,False,False,False,False,False,False,187.0,8,1
2,1,97.2,0.0,0,1.28,1,0,1,1,0,778283.35,False,False,False,False,True,False,False,False,97.2,3,0
5,4,260.4,341.0,7,12.81,1,0,0,1,1,2896240.6,False,False,False,False,False,False,False,True,260.4,9,0
3,3,174.9,0.0,15,11.48,1,0,1,1,1,1203077.36,False,False,False,False,False,False,False,False,174.9,6,0
3,3,173.1,0.0,21,19.42,0,0,0,1,1,826071.9,False,False,False,False,False,False,False,False,173.1,6,1
3,3,174.7,0.0,13,20.21,0,0,0,1,0,393668.1,True,False,False,False,False,False,False,False,174.7,6,1
5,5,271.1,437.1,17,7.01,1,0,1,0,0,807252.88,False,False,False,True,False,False,True,False,271.1,10,0
2,2,148.9,313.7,10,10.37,1,0,0,0,0,967677.4,False,False,False,False,True,False,True,False,148.9,4,0
1,1,91.1,0.0,18,3.8,0,0,0,0,0,424559.13,False,False,False,False,True,False,False,False,91.1,2,0
3,3,163.2,222.8,0,14.58,0,1,1,1,0,1294283.03,False,True,False,False,False,True,False,False,163.2,6,0
2,2,137.3,242.2,25,1.15,0,1,1,1,0,852425.54,False,True,False,False,False,True,False,False,137.3,4,0
3,3,198.6,0.0,20,8.63,0,0,0,0,1,1306006.66,False,False,False,False,False,False,False,False,198.6,6,0
2,2,123.0,162.7,29,15.97,1,0,0,0,0,788972.87,False,False,False,False,False,True,False,False,123.0,4,1
3,2,164.0,276.7,25,22.18,0,0,1,1,1,1043621.41,False,False,False,False,False,True,False,False,164.0,5,1
4,3,228.7,312.7,28,6.81,1,0,1,1,0,870824.32,False,False,False,True,False,False,False,True,228.7,7,0
1,1,92.8,0.0,7,4.39,1,0,0,0,0,768620.1,False,False,False,False,False,False,False,False,92.8,2,0
5,5,256.2,0.0,3,2.06,1,0,1,1,0,1902907.89,False,False,False,False,True,False,False,False,256.2,10,0
3,2,169.6,369.0,24,2.68,0,0,1,0,0,973513.84,False,True,False,False,False,False,False,True,169.6,5,0
6,5,289.8,0.0,19,7.32,1,0,0,0,0,1832477.85,False,False,False,False,False,False,False,False,289.8,11,0
4,3,209.7,267.3,25,5.16,1,0,0,0,1,1181693.84,False,False,False,False,True,False,False,True,209.7,7,0
2,1,128.2,0.0,4,2.62,1,0,1,1,0,965618.31,False,False,False,False,True,False,False,False,128.2,3,0
3,2,116.5,246.6,9,19.45,0,0,0,0,0,397105.04,True,False,False,False,False,True,False,False,116.5,5,1
4,3,222.3,0.0,27,3.19,1,0,0,1,0,1453183.61,False,False,False,False,False,False,False,False,222.3,7,0
5,5,256.8,0.0,17,1.95,0,0,0,1,1,689442.24,False,False,False,True,False,False,False,False,256.8,10,0
5,4,241.4,323.2,20,3.1,0,0,0,0,0,1117234.98,False,True,False,False,False,False,False,True,241.4,9,0
4,4,233.8,488.6,28,1.64,0,0,1,0,1,604051.74,False,False,False,True,False,False,True,False,233.8,8,0
5,5,237.3,0.0,21,13.81,1,0,0,0,0,496875.2,True,False,False,False,False,False,False,False,237.3,10,0
4,4,170.1,216.6,5,9.91,0,0,1,0,1,566126.0,False,False,False,True,False,False,False,True,170.1,8,0
2,2,118.8,0.0,3,2.58,1,0,0,0,0,508072.66,False,False,True,False,False,False,False,False,118.8,4,0
4,4,214.2,413.3,29,13.05,1,0,1,1,1,1546796.92,False,False,False,False,True,True,False,False,214.2,8,0
4,3,250.3,480.8,18,19.26,0,0,1,1,0,938447.99,False,False,True,False,False,False,True,False,250.3,7,1
5,5,244.6,375.7,23,0.88,1,0,0,0,0,1832828.98,False,False,False,False,True,False,False,True,244.6,10,0
3,3,152.3,320.7,24,18.67,0,0,0,0,0,630763.47,False,True,False,False,False,True,False,False,152.3,6,1
2,2,137.3,0.0,25,18.47,0,0,0,0,0,480472.05,False,False,False,False,False,False,False,False,137.3,4,1
3,3,179.5,340.5,23,5.8,1,0,1,1,0,1149620.58,False,True,False,False,False,True,False,False,179.5,6,0
5,5,220.7,393.2,2,4.55,0,0,0,0,1,2327922.21,False,False,False,False,False,False,False,True,220.7,10,0
2,2,85.6,174.9,17,1.23,0,0,1,0,0,848345.67,False,False,False,False,False,True,False,False,85.6,4,0
4,4,175.0,0.0,21,2.54,0,0,0,1,0,1208776.52,False,False,False,False,False,False,False,False,175.0,8,0
4,4,229.9,0.0,14,14.09,0,0,0,1,1,749526.36,False,False,True,False,False,False,False,False,229.9,8,0
3,2,160.9,282.0,0,11.16,0,0,1,0,1,1193255.48,False,False,False,False,True,True,False,False,160.9,5,0
3,3,226.7,0.0,9,37.31,0,0,1,0,1,293250.94,False,False,False,True,False,False,False,False,226.7,6,1
3,3,189.4,431.9,11,4.7,1,1,0,0,1,1335066.41,False,False,True,False,False,True,False,False,189.4,6,0
4,3,229.1,0.0,2,1.94,1,0,0,0,0,1217643.29,False,False,True,False,False,False,False,False,229.1,7,0
4,4,193.1,0.0,5,6.71,0,0,0,0,0,452308.04,True,False,False,False,False,False,False,False,193.1,8,0
2,2,93.3,0.0,18,3.76,0,0,1,1,1,374290.42,False,True,False,False,False,False,False,False,93.3,4,0
2,2,160.8,199.9,21,10.52,0,0,0,0,0,459452.98,True,False,False,False,False,False,False,True,160.8,4,0
3,3,110.7,243.9,26,8.7,1,0,0,0,0,552146.06,False,True,False,False,False,True,False,False,110.7,6,0
3,3,179.5,358.1,14,10.86,1,0,1,1,0,1173678.61,True,False,False,False,False,True,False,False,179.5,6,0
3,3,166.8,236.0,3,1.57,1,1,1,0,0,1612402.13,False,False,False,False,True,False,False,True,166.8,6,0
4,4,184.7,0.0,24,16.43,1,0,0,0,1,739132.1,False,False,False,False,False,False,False,False,184.7,8,1
5,5,215.1,0.0,20,20.21,0,0,0,1,0,738388.29,False,False,False,False,True,False,False,False,215.1,10,1
6,6,260.0,0.0,28,2.13,0,0,0,0,0,1054639.94,False,False,False,False,True,False,False,False,260.0,12,0
3,2,202.2,0.0,18,1.04,1,0,0,0,0,776525.94,False,False,True,False,False,False,False,False,202.2,5,0
2,2,104.8,213.5,27,13.41,1,0,1,0,1,478493.93,False,True,False,False,False,True,False,False,104.8,4,0
3,3,195.3,0.0,18,8.96,0,0,0,0,1,884239.41,False,False,False,False,False,False,False,False,195.3,6,0
3,2,158.6,375.1,6,8.52,1,0,0,1,1,724963.38,True,False,False,False,False,False,False,True,158.6,5,0
4,4,198.5,247.1,19,8.33,0,0,1,0,0,846232.08,False,False,True,False,False,False,True,False,198.5,8,0
2,1,164.3,368.0,16,5.81,0,0,1,0,0,555539.75,False,False,False,True,False,False,False,True,164.3,3,0
2,1,167.6,380.3,20,14.0,0,0,1,0,1,1173119.35,False,False,False,False,True,True,False,False,167.6,3,0
3,3,152.3,0.0,12,9.25,0,0,1,0,0,1074622.35,False,False,False,False,False,False,False,False,152.3,6,0
2,1,144.7,0.0,25,1.07,1,0,0,1,1,582135.83,False,True,False,False,False,False,False,False,144.7,3,0
3,2,173.8,269.5,14,2.93,1,0,0,0,1,1029152.1,False,False,False,False,True,False,True,False,173.8,5,0
2,2,139.1,291.5,9,5.42,0,0,0,1,0,1625381.54,False,False,False,False,False,False,False,True,139.1,4,0
4,3,226.6,0.0,16,2.14,0,0,1,1,1,1953443.06,False,False,False,False,False,False,False,False,226.6,7,0
4,4,171.8,426.8,12,9.37,0,0,1,0,0,1257099.58,False,False,False,False,True,True,False,False,171.8,8,0
4,4,205.1,0.0,28,5.64,1,0,1,0,1,1131473.6,False,False,False,False,False,False,False,False,205.1,8,0
2,2,145.6,239.0,22,4.65,1,0,1,1,1,1515227.84,False,False,False,False,False,True,False,False,145.6,4,0
5,5,251.4,301.8,12,6.52,1,0,1,0,1,1792529.14,False,True,False,False,False,True,False,False,251.4,10,0
4,3,168.0,362.6,29,0.53,0,0,1,1,1,789807.56,False,True,False,False,False,True,False,False,168.0,7,0
1,1,81.2,198.3,4,12.85,0,0,1,1,1,660384.14,False,False,False,False,False,False,True,False,81.2,2,0
2,1,169.2,315.8,9,0.88,0,0,1,1,1,1604805.34,False,True,False,False,False,True,False,False,169.2,3,0
3,3,132.5,0.0,2,11.86,1,0,0,1,0,799315.63,False,False,False,False,True,False,False,False,132.5,6,0
3,3,159.7,376.1,24,15.79,0,0,1,1,0,1120215.72,False,False,False,False,False,True,False,False,159.7,6,1
4,4,223.8,0.0,15,9.7,0,0,1,0,0,1366139.3,False,False,False,False,False,False,False,False,223.8,8,0
3,2,134.0,313.9,18,16.71,0,0,0,0,0,691766.09,False,False,False,False,True,False,False,True,134.0,5,1
4,4,236.0,0.0,9,1.6,0,0,1,0,1,695235.49,False,False,False,True,False,False,False,False,236.0,8,0
1,1,109.8,221.9,1,8.54,0,0,0,1,1,602242.73,True,False,False,False,False,True,False,False,109.8,2,0
4,3,198.8,0.0,26,1.96,1,0,1,0,0,500313.98,False,False,False,True,False,False,False,False,198.8,7,0
6,5,330.5,652.0,11,0.7,0,0,1,1,1,3353304.38,False,False,False,False,False,False,False,True,330.5,11,0
6,6,249.3,0.0,22,14.49,0,0,1,1,0,771106.0,False,True,False,False,False,False,False,False,249.3,12,0
6,6,290.8,673.0,19,4.55,0,1,1,1,0,2940687.89,False,False,False,False,False,False,False,True,290.8,12,0
4,4,207.9,0.0,7,1.89,0,0,0,0,0,1784192.73,False,False,False,False,False,False,False,False,207.9,8,0
4,4,206.0,0.0,29,1.5,0,0,0,0,0,572285.8,False,True,False,False,False,False,False,False,206.0,8,0
3,3,159.1,0.0,12,1.8,0,0,0,0,1,801105.68,False,True,False,False,False,False,False,False,159.1,6,0
4,3,216.4,470.5,8,2.72,1,0,1,1,1,1797323.27,False,False,True,False,False,True,False,False,216.4,7,0
3,3,168.8,0.0,0,14.42,0,0,0,1,0,788313.16,False,False,False,False,True,False,False,False,168.8,6,0
1,1,110.3,220.7,8,10.38,1,0,1,0,1,944192.49,False,False,False,False,True,False,False,True,110.3,2,0
3,2,226.9,427.5,9,5.12,1,0,1,0,1,2310765.14,False,False,False,False,False,False,False,True,226.9,5,0
4,3,195.9,276.3,5,10.66,0,1,1,1,0,2269228.96,False,False,False,False,False,True,False,False,195.9,7,0
1,1,132.3,0.0,25,11.36,0,0,0,0,1,489808.67,False,False,False,False,True,False,False,False,132.3,2,0
3,3,172.4,402.6,1,13.1,1,1,0,0,0,2199325.48,False,False,False,False,False,False,False,True,172.4,6,0
2,1,181.4,366.9,13,28.93,0,1,1,0,1,594883.34,False,True,False,False,False,False,False,True,181.4,3,1
3,3,165.9,408.2,1,16.11,0,0,1,0,0,850678.06,False,True,False,False,False,True,False,False,165.9,6,1
3,3,223.8,310.9,4,2.79,1,0,0,0,0,2343940.27,False,False,False,False,False,False,False,True,223.8,6,0
3,2,184.1,428.6,11,6.71,0,1,0,0,0,1281649.71,False,False,True,False,False,True,False,False,184.1,5,0
2,2,144.8,0.0,11,1.78,1,0,1,0,1,860453.01,False,False,False,False,True,False,False,False,144.8,4,0
3,3,227.2,313.9,29,3.44,1,0,1,1,0,1456503.7,False,False,False,False,True,False,False,True,227.2,6,0
5,5,266.8,647.7,9,0.64,0,0,1,1,0,2698863.45,False,False,False,False,True,True,False,False,266.8,10,0
4,3,222.6,434.2,29,9.08,1,0,0,1,0,911682.33,False,False,True,False,False,False,True,False,222.6,7,0
3,2,168.9,274.5,5,5.11,1,1,0,1,0,1084534.68,True,False,False,False,False,False,False,True,168.9,5,0
3,2,204.3,346.2,28,5.26,0,0,0,0,1,2025650.41,False,False,False,False,False,True,False,False,204.3,5,0
3,3,176.5,321.7,20,13.95,0,0,1,0,0,1175461.44,False,False,False,False,True,True,False,False,176.5,6,0
4,3,243.0,427.7,15,8.84,1,0,1,0,1,1625822.02,False,True,False,False,False,True,False,False,243.0,7,0
3,3,150.3,0.0,14,6.58,1,0,0,1,0,592653.93,False,True,False,False,False,False,False,False,150.3,6,0
3,3,183.2,263.8,23,13.12,0,1,1,0,1,554632.65,False,False,False,True,False,False,False,True,183.2,6,0
2,2,146.2,288.2,25,2.41,1,0,1,1,0,1223554.89,False,True,False,False,False,True,False,False,146.2,4,0
3,2,220.5,292.0,3,1.8,0,0,0,1,0,2184550.61,False,False,False,False,False,False,False,True,220.5,5,0
3,3,189.0,0.0,8,4.47,1,0,0,1,0,834526.61,False,True,False,False,False,False,False,False,189.0,6,0
3,2,189.2,294.5,13,2.96,1,0,1,0,0,2042220.92,False,False,False,False,True,True,False,False,189.2,5,0
4,3,214.9,333.6,7,8.92,0,0,0,1,1,1628405.73,False,False,False,False,True,True,False,False,214.9,7,0
4,4,212.4,519.3,12,8.56,1,0,1,0,1,1688345.61,False,False,False,False,True,True,False,False,212.4,8,0
6,6,257.2,0.0,18,1.82,1,0,1,0,1,1970122.03,False,False,False,False,False,False,False,False,257.2,12,0
2,1,143.3,317.7,1,1.02,0,0,0,0,0,1075779.07,False,True,False,False,False,True,False,False,143.3,3,0
4,4,221.2,430.7,27,15.75,0,1,0,1,0,1505136.06,False,False,False,False,False,True,False,False,221.2,8,1
4,3,197.3,340.2,1,1.84,0,1,1,1,1,1202842.94,True,False,False,False,False,False,False,True,197.3,7,0
4,4,217.2,0.0,5,1.77,0,0,0,0,0,1017433.09,False,True,False,False,False,False,False,False,217.2,8,0
6,6,281.6,498.8,27,15.75,0,0,1,0,0,554202.96,False,False,False,True,False,True,False,False,281.6,12,1
2,2,156.1,0.0,14,33.42,0,0,0,0,0,539376.89,False,False,False,False,True,False,False,False,156.1,4,1
2,2,101.6,204.4,27,15.57,1,0,1,1,0,878679.39,False,False,False,False,False,True,False,False,101.6,4,1
2,2,134.2,298.9,20,11.93,0,0,0,0,0,567224.54,False,True,False,False,False,True,False,False,134.2,4,0
6,6,283.0,506.7,19,2.97,0,0,1,0,1,869839.91,False,False,False,True,False,False,False,True,283.0,12,0
5,5,252.3,612.0,1,5.1,0,0,0,1,0,1563512.67,False,False,True,False,False,True,False,False,252.3,10,0
5,4,229.0,429.1,18,1.39,1,0,0,0,1,2012417.02,False,False,False,False,True,True,False,False,229.0,9,0
2,2,79.2,142.5,3,3.94,1,0,0,0,0,693895.16,False,False,False,False,True,False,False,True,79.2,4,0
3,3,199.9,402.2,1,9.31,0,0,0,0,1,1342137.3,False,False,False,False,True,False,False,True,199.9,6,0
3,3,149.7,274.3,15,13.86,1,0,0,1,0,764624.94,False,True,False,False,False,False,False,True,149.7,6,0
3,2,169.5,398.8,23,39.55,1,0,1,0,1,659459.79,False,True,False,False,False,True,False,False,169.5,5,1
6,5,247.7,0.0,10,3.59,1,0,0,0,1,1582056.83,False,False,False,False,True,False,False,False,247.7,11,0
2,1,110.1,181.1,21,6.75,1,0,0,0,1,1062782.78,False,False,False,False,False,True,False,False,110.1,3,0
4,4,203.7,309.8,4,17.56,0,0,1,1,0,869752.04,True,False,False,False,False,True,False,False,203.7,8,1
4,3,227.2,427.4,9,11.95,0,0,0,1,0,787481.15,False,False,True,False,False,False,False,True,227.2,7,0
3,2,218.2,0.0,23,2.46,0,0,0,0,0,1228860.61,False,False,False,False,False,False,False,False,218.2,5,0
2,2,164.5,0.0,28,8.73,0,0,0,0,1,793637.85,False,False,False,False,False,False,False,False,164.5,4,0
4,4,209.8,272.8,21,10.01,1,1,0,1,1,1940639.56,False,False,False,False,True,True,False,False,209.8,8,0
4,4,195.4,0.0,27,11.14,1,0,1,1,0,673099.19,False,True,False,False,False,False,False,False,195.4,8,0
2,2,130.7,254.0,15,2.31,1,1,0,1,1,1348945.15,False,False,False,False,True,False,False,True,130.7,4,0
5,4,230.4,414.8,19,13.48,0,0,0,0,1,1159145.97,False,False,False,False,True,True,False,False,230.4,9,0
4,3,218.9,301.2,19,9.06,1,0,0,0,0,1076109.83,False,True,False,False,False,True,False,False,218.9,7,0
2,2,132.4,292.6,11,1.86,1,0,0,1,1,1600209.81,False,False,False,False,False,False,True,False,132.4,4,0
4,4,229.7,0.0,10,26.96,1,0,1,0,0,998191.08,False,False,False,False,False,False,False,False,229.7,8,1
6,6,252.2,488.1,18,3.45,1,1,0,0,1,2850960.44,False,False,False,False,False,False,False,True,252.2,12,0
4,4,235.3,0.0,6,10.34,0,0,0,0,0,673361.82,False,True,False,False,False,False,False,False,235.3,8,0
4,3,150.9,308.8,21,3.25,1,0,0,0,1,1074419.69,False,False,False,False,False,False,True,False,150.9,7,0
3,2,214.6,467.8,14,2.33,1,1,1,0,0,1617322.19,False,False,True,False,False,True,False,False,214.6,5,0
1,1,127.1,241.5,19,13.31,0,0,0,0,0,333349.4,False,False,False,True,False,False,False,True,127.1,2,0
2,2,119.7,0.0,7,13.29,0,0,1,0,0,832914.31,False,False,False,False,False,False,False,False,119.7,4,0
3,2,168.4,417.3,0,7.79,0,0,1,1,0,1477531.52,False,False,False,False,True,False,False,True,168.4,5,0
5,5,223.5,555.4,12,33.64,1,0,1,0,1,855732.81,False,False,True,False,False,False,True,False,223.5,10,1
1,1,149.8,0.0,1,2.38,0,0,1,0,0,797389.7,False,True,False,False,False,False,False,False,149.8,2,0
4,3,216.9,0.0,8,4.04,0,0,1,0,0,803752.98,True,False,False,False,False,False,False,False,216.9,7,0
2,2,130.2,232.5,25,8.11,0,0,1,1,1,510164.2,False,False,True,False,False,False,False,True,130.2,4,0
4,4,186.9,0.0,19,2.56,1,0,0,1,1,1540962.85,False,False,False,False,False,False,False,False,186.9,8,0
2,2,165.7,0.0,13,19.21,0,0,1,0,1,439114.88,False,True,False,False,False,False,False,False,165.7,4,1
1,1,66.0,98.6,20,6.83,0,1,0,0,0,344182.19,False,False,False,False,True,False,False,True,66.0,2,0
3,2,187.8,409.5,8,15.13,1,0,1,0,1,820745.81,False,False,True,False,False,False,True,False,187.8,5,1
3,3,132.5,301.0,20,3.32,0,0,0,1,1,884852.63,False,True,False,False,False,True,False,False,132.5,6,0
5,5,242.4,541.2,29,4.99,0,0,1,1,0,1547820.7,False,False,False,False,True,True,False,False,242.4,10,0
4,4,182.0,299.0,19,5.19,1,0,1,1,0,1979382.64,False,False,False,False,False,True,False,False,182.0,8,0
3,3,185.6,0.0,1,5.62,1,0,0,0,1,1019376.25,False,True,False,False,False,False,False,False,185.6,6,0
4,3,205.4,0.0,24,3.72,0,0,0,1,0,1000154.45,False,False,False,False,False,False,False,False,205.4,7,0
1,1,97.3,218.2,16,2.47,0,0,0,1,0,924130.48,False,False,False,False,False,True,False,False,97.3,2,0
5,5,243.4,586.2,12,4.51,0,0,1,1,1,1473415.14,False,False,True,False,False,True,False,False,243.4,10,0
6,5,283.6,593.5,1,9.26,1,0,0,0,1,2835013.87,False,False,False,False,False,False,False,True,283.6,11,0
3,2,219.6,448.0,18,7.7,0,0,1,1,1,895292.37,True,False,False,False,False,True,False,False,219.6,5,0
5,5,216.4,0.0,16,10.0,0,0,0,0,0,679824.58,False,False,True,False,False,False,False,False,216.4,10,0
2,2,166.2,286.7,12,3.08,0,0,1,1,1,779536.59,True,False,False,False,False,False,False,True,166.2,4,0
3,3,129.1,255.8,3,4.49,0,0,1,0,1,656409.7,True,False,False,False,False,False,True,False,129.1,6,0
5,5,186.3,225.1,14,1.1,0,0,1,1,0,1956481.4,False,False,False,False,False,False,False,True,186.3,10,0
3,2,173.9,214.8,26,6.57,0,0,0,0,1,926351.07,False,False,False,False,False,False,True,False,173.9,5,0
3,3,147.6,0.0,25,1.49,1,0,0,1,1,645260.69,False,True,False,False,False,False,False,False,147.6,6,0
3,2,136.5,224.2,3,31.84,0,0,1,0,0,296132.34,True,False,False,False,False,False,True,False,136.5,5,1
4,3,210.8,0.0,11,2.64,1,0,0,0,1,660813.07,True,False,False,False,False,False,False,False,210.8,7,0
4,4,227.8,0.0,17,8.31,1,0,0,0,0,599718.78,False,False,False,True,False,False,False,False,227.8,8,0
3,3,181.6,423.4,20,11.46,0,0,1,0,0,1799593.13,False,False,False,False,False,True,False,False,181.6,6,0
3,3,173.7,276.7,3,3.19,0,0,1,0,1,771710.68,False,False,False,True,False,False,True,False,173.7,6,0
5,4,274.8,603.0,3,13.64,0,1,0,0,1,1741255.75,False,True,False,False,False,True,False,False,274.8,9,0
3,3,193.1,0.0,17,5.68,1,0,1,1,0,1318239.59,False,False,False,False,False,False,False,False,193.1,6,0
4,4,233.8,0.0,6,0.52,0,0,0,1,0,2068200.57,False,False,False,False,False,False,False,False,233.8,8,0
4,3,218.7,292.2,22,5.85,0,0,1,0,0,1599786.6,False,False,False,False,False,False,True,False,218.7,7,0
4,3,162.7,0.0,7,1.46,1,0,0,0,0,1424886.26,False,False,False,False,False,False,False,False,162.7,7,0
2,1,100.2,140.1,22,19.43,0,0,0,1,1,343977.58,False,False,True,False,False,True,False,False,100.2,3,1
4,4,210.2,0.0,29,5.34,1,0,0,1,1,1110476.51,False,False,False,False,True,False,False,False,210.2,8,0
3,3,149.8,0.0,26,12.45,0,0,0,0,0,425926.56,False,True,False,False,False,False,False,False,149.8,6,0
4,4,210.0,0.0,25,10.54,1,0,1,0,0,906628.78,False,False,False,False,True,False,False,False,210.0,8,0
2,1,135.8,262.6,1,3.51,1,0,1,0,1,1526413.92,False,False,False,False,False,False,True,False,135.8,3,0
2,1,79.0,159.8,23,9.51,0,0,0,1,0,310433.21,False,True,False,False,False,False,True,False,79.0,3,0
4,3,205.4,0.0,18,8.77,0,0,0,1,1,1011087.78,False,False,False,False,False,False,False,False,205.4,7,0
2,2,127.3,279.8,17,6.92,0,0,0,1,1,765410.89,False,True,False,False,False,True,False,False,127.3,4,0
4,4,226.8,309.3,2,3.53,1,0,1,0,1,2103294.93,False,False,False,False,True,False,False,True,226.8,8,0
2,2,96.4,0.0,20,9.82,0,0,1,1,1,605474.19,False,False,False,False,False,False,False,False,96.4,4,0
4,4,203.6,0.0,28,5.49,1,0,0,1,0,479923.33,False,False,False,True,False,False,False,False,203.6,8,0
3,2,191.8,260.2,5,5.07,0,0,1,0,1,1187692.48,False,False,True,False,False,False,False,True,191.8,5,0
4,4,218.9,418.3,7,12.73,1,0,0,0,0,1838274.59,False,False,False,False,True,True,False,False,218.9,8,0
3,2,157.6,0.0,25,37.51,0,0,0,1,1,569163.79,False,False,False,False,False,False,False,False,157.6,5,1
2,1,160.8,370.1,26,7.41,0,0,1,0,1,950428.67,False,False,False,False,True,False,False,True,160.8,3,0
5,5,269.7,0.0,8,9.87,1,0,1,0,0,1997451.47,False,False,False,False,False,False,False,False,269.7,10,0
3,2,186.4,456.8,5,3.07,1,0,1,0,0,2428703.77,False,False,False,False,False,True,False,False,186.4,5,0
2,2,151.2,229.0,5,1.42,1,0,1,1,1,2351892.73,False,False,False,False,False,True,False,False,151.2,4,0
5,5,224.4,473.1,10,6.4,1,0,0,0,1,2993568.51,False,False,False,False,False,True,False,False,224.4,10,0
4,4,247.1,456.8,8,14.93,1,0,1,1,0,2693249.81,False,False,False,False,False,True,False,False,247.1,8,0
3,2,153.9,0.0,28,5.75,1,0,0,0,0,433049.37,False,False,True,False,False,False,False,False,153.9,5,0
1,1,71.4,155.7,2,0.98,0,0,0,1,1,280947.13,True,False,False,False,False,False,True,False,71.4,2,0
3,2,187.2,280.3,0,2.04,1,0,1,0,0,1770248.29,False,True,False,False,False,True,False,False,187.2,5,0
4,4,229.5,557.7,7,4.6,1,0,1,0,0,2128999.07,False,False,False,False,True,True,False,False,229.5,8,0
3,3,140.5,0.0,25,23.11,0,0,0,1,1,631199.75,False,False,False,False,False,False,False,False,140.5,6,1
4,3,165.5,290.1,4,4.48,0,0,1,0,0,1996073.38,False,False,False,False,False,True,False,False,165.5,7,0
2,2,164.9,0.0,21,10.96,1,0,0,1,1,560937.62,False,False,True,False,False,False,False,False,164.9,4,0
3,3,196.6,282.3,29,3.79,1,0,0,1,1,926986.07,True,False,False,False,False,True,False,False,196.6,6,0
3,2,131.3,0.0,9,5.76,0,0,1,1,0,1014850.6,False,False,False,False,False,False,False,False,131.3,5,0
4,4,208.8,293.7,14,10.52,0,1,1,1,1,1610808.25,False,False,False,False,True,False,False,True,208.8,8,0
2,2,151.0,323.9,14,5.07,0,0,1,0,0,1485000.65,False,False,False,False,False,False,False,True,151.0,4,0
4,4,222.2,0.0,1,5.11,0,0,1,1,1,1026568.94,True,False,False,False,False,False,False,False,222.2,8,0
3,2,169.1,0.0,29,6.94,0,0,0,1,0,332477.35,False,False,False,True,False,False,False,False,169.1,5,0
5,4,228.8,0.0,23,22.4,1,0,1,1,0,1150989.06,False,False,False,False,False,False,False,False,228.8,9,1
1,1,95.8,0.0,5,3.75,1,0,0,0,1,708072.9,False,False,False,False,False,False,False,False,95.8,2,0
4,4,206.1,500.4,12,12.79,1,0,1,1,1,2101358.32,False,False,False,False,False,True,False,False,206.1,8,0
5,4,244.3,0.0,9,2.08,1,0,0,0,1,744975.1,False,False,False,True,False,False,False,False,244.3,9,0
3,3,154.3,282.0,15,8.47,0,0,0,0,0,706154.57,False,False,True,False,False,True,False,False,154.3,6,0
3,2,152.9,0.0,1,2.99,0,0,1,0,1,486139.48,False,False,False,True,False,False,False,False,152.9,5,0
3,3,200.4,487.2,25,5.27,1,0,1,0,1,1159685.05,False,False,True,False,False,True,False,False,200.4,6,0
2,1,155.5,0.0,8,5.29,1,0,0,1,0,959586.99,False,False,False,False,True,False,False,False,155.5,3,0
2,2,118.4,257.3,24,5.05,0,0,1,1,0,641601.33,False,False,False,False,True,False,True,False,118.4,4,0
4,4,197.4,288.1,22,0.91,1,0,0,0,0,1590247.52,False,False,False,False,True,True,False,False,197.4,8,0
3,3,214.9,0.0,29,24.71,1,0,1,1,1,466856.91,True,False,False,False,False,False,False,False,214.9,6,1
4,3,213.9,0.0,18,12.28,0,0,0,1,0,871051.7,False,True,False,False,False,False,False,False,213.9,7,0
5,5,234.5,547.7,26,10.28,0,0,1,1,1,857023.82,True,False,False,False,False,False,True,False,234.5,10,0
3,3,157.7,290.0,3,2.39,0,0,0,0,1,1697852.71,False,False,False,False,False,False,False,True,157.7,6,0
4,3,231.4,526.3,18,1.44,0,0,0,0,1,2618817.58,False,False,False,False,False,True,False,False,231.4,7,0
4,3,223.7,0.0,4,3.67,0,0,0,1,1,1109740.89,False,True,False,False,False,False,False,False,223.7,7,0
3,3,184.2,0.0,9,17.76,0,0,0,0,0,919720.66,False,False,False,False,False,False,False,False,184.2,6,1
3,2,169.4,298.0,22,0.52,1,0,1,0,0,1307371.5,False,False,False,False,False,True,False,False,169.4,5,0
5,5,225.5,0.0,3,1.51,0,0,0,0,0,1745756.59,False,False,False,False,False,False,False,False,225.5,10,0
4,4,209.0,0.0,0,4.98,0,0,0,1,0,1770536.68,False,False,False,False,False,False,False,False,209.0,8,0
5,4,219.7,436.5,28,3.79,0,0,0,0,1,1142771.72,False,True,False,False,False,True,False,False,219.7,9,0
3,3,240.5,485.1,25,2.84,0,0,1,1,1,2042239.38,False,False,False,False,False,True,False,False,240.5,6,0
3,2,142.0,328.3,12,5.8,0,0,1,0,0,671544.04,True,False,False,False,False,True,False,False,142.0,5,0
3,3,191.6,0.0,19,8.86,0,0,0,1,0,1189397.71,False,False,False,False,False,False,False,False,191.6,6,0
3,3,143.6,185.2,29,4.25,0,0,0,1,0,366367.58,False,False,False,True,False,True,False,False,143.6,6,0
3,2,177.6,311.5,25,12.68,1,0,1,0,1,583363.23,True,False,False,False,False,False,False,True,177.6,5,0
2,2,147.4,350.9,22,7.94,0,0,1,0,1,943113.49,False,False,False,False,True,False,False,True,147.4,4,0
4,4,178.6,353.6,1,4.93,1,0,0,0,1,2466894.56,False,False,False,False,False,True,False,False,178.6,8,0
4,3,233.2,359.8,5,11.53,0,0,1,0,0,1102829.47,False,True,False,False,False,False,False,True,233.2,7,0
2,1,136.1,337.3,23,1.24,1,0,1,0,0,1143759.75,False,False,False,False,True,False,False,True,136.1,3,0
2,2,142.4,230.7,23,2.3,0,0,1,1,0,1197188.91,False,False,False,False,False,False,False,True,142.4,4,0
4,3,271.2,432.7,12,1.61,0,0,1,0,0,1271411.54,False,False,True,False,False,False,False,True,271.2,7,0
1,1,138.4,0.0,22,15.02,1,0,0,1,1,639484.09,False,False,False,False,True,False,False,False,138.4,2,1
6,5,324.2,553.1,19,7.24,1,0,0,1,1,2445035.8,False,False,False,False,True,True,False,False,324.2,11,0
3,2,192.5,357.2,10,14.81,0,1,0,1,1,1180984.55,False,True,False,False,False,True,False,False,192.5,5,0
6,6,320.2,721.5,0,2.08,1,0,1,1,0,5059908.78,False,False,False,False,False,True,False,False,320.2,12,0
4,3,220.4,539.7,2,8.65,1,1,1,1,1,3071834.31,False,False,False,False,False,False,False,True,220.4,7,0
2,2,130.5,195.8,16,7.97,1,1,1,0,1,1385828.83,False,False,False,False,False,False,False,True,130.5,4,0
4,4,217.2,0.0,7,23.11,1,0,0,0,0,508171.23,True,False,False,False,False,False,False,False,217.2,8,1
5,5,280.9,489.0,25,2.58,0,0,0,0,0,1532656.4,False,True,False,False,False,True,False,False,280.9,10,0
6,6,301.9,490.3,7,2.48,0,0,0,0,0,1048071.93,False,False,False,True,False,False,False,True,301.9,12,0
5,4,232.8,0.0,22,10.31,1,0,0,0,1,494829.49,False,False,False,True,False,False,False,False,232.8,9,0
1,1,101.0,0.0,9,14.32,0,0,0,0,1,668315.81,False,False,False,False,False,False,False,False,101.0,2,0
4,3,219.8,503.9,16,12.09,1,0,1,0,1,1281025.31,False,False,False,False,True,True,False,False,219.8,7,0
4,4,202.4,426.7,26,12.0,0,0,1,0,1,1214124.26,False,False,False,False,True,True,False,False,202.4,8,0
4,4,157.6,324.6,5,1.63,1,0,1,0,0,1800478.41,False,False,False,False,True,True,False,False,157.6,8,0
3,3,206.2,315.1,9,4.16,0,0,1,1,0,1031070.34,True,False,False,False,False,True,False,False,206.2,6,0
2,1,119.0,0.0,12,8.31,1,0,0,0,0,561926.75,False,False,False,False,True,False,False,False,119.0,3,0
2,2,143.6,344.8,14,19.63,0,0,1,0,0,1126020.97,False,False,False,False,False,True,False,False,143.6,4,1
6,5,309.3,439.8,20,12.01,0,0,0,1,0,1470957.74,False,True,False,False,False,True,False,False,309.3,11,0
4,4,190.6,0.0,14,5.51,1,0,1,0,1,885449.99,False,False,True,False,False,False,False,False,190.6,8,0
2,2,187.8,276.8,25,9.55,1,1,0,0,0,1431411.84,False,False,False,False,True,True,False,False,187.8,4,0
4,4,205.1,502.6,7,22.15,0,0,1,0,1,759204.11,True,False,False,False,False,True,False,False,205.1,8,1
4,4,231.9,576.8,25,3.11,0,0,1,0,1,894427.61,False,False,False,True,False,False,False,True,231.9,8,0
5,5,233.0,352.3,23,7.74,0,0,1,0,1,922401.96,False,True,False,False,False,False,True,False,233.0,10,0
4,3,221.7,526.6,4,1.48,1,0,1,1,0,3833102.36,False,False,False,False,False,True,False,False,221.7,7,0
3,2,148.9,199.4,21,2.19,0,0,1,1,0,647392.81,False,False,True,False,False,False,False,True,148.9,5,0
3,3,194.5,343.1,20,7.51,0,0,0,0,0,737165.79,False,False,True,False,False,True,False,False,194.5,6,0
5,5,226.5,0.0,9,3.67,0,0,1,1,0,1631993.41,False,False,False,False,True,False,False,False,226.5,10,0
2,1,177.9,221.0,29,16.43,0,1,1,1,1,1079499.2,False,False,False,False,True,True,False,False,177.9,3,1
4,4,192.6,267.2,19,0.72,0,0,1,0,0,2119229.12,False,False,False,False,False,True,False,False,192.6,8,0
4,4,213.5,300.2,16,3.68,0,0,1,0,1,1535746.95,False,False,False,False,True,False,False,True,213.5,8,0
4,3,190.2,0.0,20,2.33,0,0,0,0,0,866337.83,False,False,False,False,False,False,False,False,190.2,7,0
3,3,204.7,334.0,24,10.54,0,0,1,0,1,1159020.31,False,False,False,False,True,False,True,False,204.7,6,0
2,2,85.4,195.0,7,3.58,0,1,1,0,1,487969.78,False,False,False,True,False,True,False,False,85.4,4,0
3,3,186.7,231.1,15,0.84,0,0,1,0,0,969476.87,False,True,False,False,False,True,False,False,186.7,6,0
6,6,285.6,576.6,2,1.27,0,0,1,0,0,2160179.98,False,True,False,False,False,False,False,True,285.6,12,0
1,1,95.1,209.0,5,2.81,1,0,1,0,1,591953.71,True,False,False,False,False,True,False,False,95.1,2,0
3,3,212.7,0.0,4,16.07,1,0,0,0,0,1263636.64,False,False,False,False,False,False,False,False,212.7,6,1
4,3,205.5,361.8,26,22.81,0,0,0,0,1,723868.01,False,False,False,False,True,True,False,False,205.5,7,1
2,2,149.7,0.0,24,9.88,0,0,1,0,0,494881.55,False,True,False,False,False,False,False,False,149.7,4,0
2,1,137.0,0.0,16,2.61,1,0,1,0,0,1095786.33,False,False,False,False,False,False,False,False,137.0,3,0
3,3,170.4,379.0,14,2.78,1,0,1,0,0,2020870.83,False,False,False,False,False,True,False,False,170.4,6,0
4,4,175.0,231.2,12,14.79,1,0,0,1,1,1065580.97,False,True,False,False,False,True,False,False,175.0,8,0
3,2,102.3,167.3,3,9.97,1,0,0,0,1,1135969.61,False,False,False,False,False,True,False,False,102.3,5,0
3,3,173.0,393.8,29,4.48,1,0,1,0,1,895560.86,False,True,False,False,False,False,False,True,173.0,6,0
2,2,159.0,0.0,24,1.72,0,0,0,0,1,380918.77,True,False,False,False,False,False,False,False,159.0,4,0
1,1,103.6,0.0,6,1.5,0,0,0,1,1,508360.62,False,True,False,False,False,False,False,False,103.6,2,0
4,4,262.9,542.8,15,8.78,0,0,1,0,0,1287067.12,False,False,False,False,True,False,True,False,262.9,8,0
3,3,153.3,222.9,14,2.39,1,0,1,0,0,1104388.11,False,False,False,False,False,True,False,False,153.3,6,0
4,4,232.5,461.4,15,0.54,0,0,0,0,0,1116422.67,False,False,False,True,False,True,False,False,232.5,8,0
4,3,229.0,0.0,12,7.95,1,0,0,1,0,533257.58,False,False,False,True,False,False,False,False,229.0,7,0
3,3,148.2,283.5,23,5.93,1,0,1,0,1,888307.09,False,True,False,False,False,False,True,False,148.2,6,0
1,1,135.4,0.0,23,3.84,1,0,0,0,1,702687.64,False,False,False,False,True,False,False,False,135.4,2,0
4,3,226.0,470.8,17,7.46,0,0,0,1,0,2376773.34,False,False,False,False,False,True,False,False,226.0,7,0
1,1,102.9,166.1,26,4.61,1,0,0,0,1,592074.46,False,False,False,False,False,True,False,False,102.9,2,0
1,1,120.2,0.0,5,13.88,0,0,0,1,0,624685.11,False,True,False,False,False,False,False,False,120.2,2,0
2,2,120.1,154.4,19,7.49,1,0,0,0,1,711638.46,False,True,False,False,False,True,False,False,120.1,4,0
2,1,145.4,0.0,11,7.3,0,0,1,0,1,680288.92,False,False,False,False,True,False,False,False,145.4,3,0
4,3,208.0,464.9,10,2.25,0,1,0,0,1,1734328.95,False,False,False,False,False,False,False,True,208.0,7,0
2,2,169.5,0.0,13,0.89,0,0,1,0,0,982478.77,False,True,False,False,False,False,False,False,169.5,4,0
4,4,211.0,290.4,14,4.13,1,0,0,1,1,1632875.23,False,True,False,False,False,True,False,False,211.0,8,0
1,1,79.3,164.9,10,21.85,1,0,0,0,1,356821.69,False,True,False,False,False,False,True,False,79.3,2,1
3,3,171.5,0.0,0,6.14,0,0,0,1,0,878292.12,False,False,True,False,False,False,False,False,171.5,6,0
2,1,95.2,195.8,21,8.86,0,0,1,1,1,461802.48,False,True,False,False,False,True,False,False,95.2,3,0
4,4,167.9,229.2,20,9.51,0,0,1,0,0,1233405.17,False,False,False,False,False,True,False,False,167.9,8,0
2,2,146.8,0.0,10,7.17,1,0,0,0,0,510979.38,False,True,False,False,False,False,False,False,146.8,4,0
3,3,205.1,267.5,10,13.04,1,0,0,0,1,2103875.86,False,False,False,False,False,True,False,False,205.1,6,0
3,3,206.7,374.2,17,7.45,1,0,1,0,1,1800841.95,False,False,False,False,False,False,True,False,206.7,6,0
6,6,265.3,0.0,29,3.97,1,0,0,0,0,624003.31,False,False,False,True,False,False,False,False,265.3,12,0
4,3,199.4,353.6,26,7.59,0,0,1,1,1,1844418.77,False,False,False,False,False,True,False,False,199.4,7,0
3,2,231.8,344.6,22,5.71,0,0,1,1,0,1331920.52,False,False,True,False,False,True,False,False,231.8,5,0
3,2,153.5,303.6,11,4.56,0,0,0,1,0,845587.16,True,False,False,False,False,True,False,False,153.5,5,0
2,2,165.3,0.0,27,2.89,0,0,1,1,1,653813.54,False,True,False,False,False,False,False,False,165.3,4,0
3,3,146.1,261.1,17,1.99,0,0,1,0,0,886066.6,True,False,False,False,False,True,False,False,146.1,6,0
5,5,269.4,350.2,27,1.99,0,0,1,0,1,691371.5,False,False,False,True,False,True,False,False,269.4,10,0
6,6,281.3,0.0,23,3.53,0,0,0,0,0,1308674.64,False,False,False,False,True,False,False,False,281.3,12,0
3,3,152.6,338.3,2,3.64,1,1,1,0,1,1108876.44,False,False,True,False,False,True,False,False,152.6,6,0
1,1,89.9,193.3,0,14.8,1,1,0,1,0,671668.16,False,False,True,False,False,True,False,False,89.9,2,0
3,3,150.9,207.1,11,10.98,1,0,0,0,0,1097857.27,False,True,False,False,False,True,False,False,150.9,6,0
4,4,205.6,311.8,20,5.61,1,0,0,1,0,1985090.36,False,False,False,False,False,False,False,True,205.6,8,0
3,3,190.4,425.5,25,6.26,0,0,0,1,0,1091918.0,False,True,False,False,False,False,False,True,190.4,6,0
3,3,170.0,0.0,5,0.69,1,0,1,0,0,1248369.68,False,False,False,False,True,False,False,False,170.0,6,0
3,3,199.0,289.5,12,5.96,0,0,0,1,1,2126565.82,False,False,False,False,False,True,False,False,199.0,6,0
3,3,165.4,0.0,7,2.77,0,0,0,0,0,887764.88,False,False,False,False,True,False,False,False,165.4,6,0
2,2,102.8,0.0,27,0.62,0,0,0,0,1,468218.77,False,False,False,False,True,False,False,False,102.8,4,0
3,3,219.3,0.0,4,7.15,1,0,0,1,1,2033264.27,False,False,False,False,False,False,False,False,219.3,6,0
5,5,253.4,0.0,20,0.51,1,0,0,0,0,972938.63,False,False,True,False,False,False,False,False,253.4,10,0
1,1,116.9,234.5,6,1.2,0,0,0,1,0,704026.46,False,True,False,False,False,False,True,False,116.9,2,0
2,2,138.1,0.0,27,2.35,0,0,0,0,1,841427.41,False,False,False,False,False,False,False,False,138.1,4,0
3,3,189.9,0.0,23,14.45,1,0,0,1,0,522172.02,False,False,True,False,False,False,False,False,189.9,6,0
1,1,98.3,221.8,17,3.55,1,1,0,1,1,1018240.82,False,False,False,False,True,True,False,False,98.3,2,0
4,3,181.6,0.0,16,9.35,0,0,0,0,0,655512.34,False,False,True,False,False,False,False,False,181.6,7,0
3,3,147.6,0.0,26,13.87,1,0,0,1,0,843895.41,False,False,False,False,False,False,False,False,147.6,6,0
4,4,208.4,264.6,26,26.15,0,0,0,1,1,564401.62,False,False,True,False,False,False,False,True,208.4,8,1
3,3,211.3,523.2,2,10.39,0,0,1,1,0,1800749.46,False,False,False,False,True,True,False,False,211.3,6,0
2,2,141.8,286.6,7,10.0,1,1,0,1,1,775375.06,True,False,False,False,False,False,False,True,141.8,4,0
2,2,144.7,205.9,17,5.15,1,0,1,0,0,368471.91,False,False,False,True,False,False,True,False,144.7,4,0
2,1,101.2,0.0,20,4.73,1,0,1,1,1,347419.57,False,False,False,True,False,False,False,False,101.2,3,0
1,1,135.5,0.0,16,44.16,0,0,1,0,0,592202.59,False,False,False,False,False,False,False,False,135.5,2,1
2,2,122.1,165.7,13,17.21,1,0,1,0,0,1124305.44,False,False,False,False,False,True,False,False,122.1,4,1
4,4,217.1,291.0,1,0.94,0,0,0,1,0,2535565.55,False,False,False,False,False,False,False,True,217.1,8,0
3,2,169.7,421.8,23,3.59,1,0,1,1,0,1349658.79,False,True,False,False,False,True,False,False,169.7,5,0
3,2,182.8,0.0,23,14.17,0,0,1,0,0,394868.06,True,False,False,False,False,False,False,False,182.8,5,0
2,2,95.7,0.0,2,4.11,0,0,1,1,1,904640.04,False,False,False,False,False,False,False,False,95.7,4,0
3,2,197.7,472.7,2,8.56,0,0,1,0,1,1329347.62,False,True,False,False,False,False,False,True,197.7,5,0
6,6,274.9,0.0,28,5.78,0,0,0,1,1,966181.14,False,True,False,False,False,False,False,False,274.9,12,0
6,5,306.4,747.1,13,6.79,0,0,0,0,1,2694324.57,False,False,False,False,False,False,False,True,306.4,11,0
4,4,188.6,318.8,12,2.15,1,0,0,1,1,1207687.63,False,False,True,False,False,False,False,True,188.6,8,0
2,1,172.3,320.6,5,4.35,1,0,1,0,0,1504643.42,False,False,False,False,True,False,False,True,172.3,3,0
5,4,213.8,433.2,6,8.22,1,0,1,0,0,659493.38,False,False,False,True,False,False,True,False,213.8,9,0
4,4,213.5,402.1,29,14.4,0,0,1,1,0,786152.45,False,True,False,False,False,False,True,False,213.5,8,0
3,2,165.9,330.5,10,1.23,0,0,0,0,0,1579698.51,False,False,False,False,False,False,False,True,165.9,5,0
2,1,120.5,0.0,17,27.51,0,0,1,0,1,214561.63,True,False,False,False,False,False,False,False,120.5,3,1
2,2,133.8,225.4,16,1.48,0,0,1,0,0,1144788.39,False,False,False,False,True,True,False,False,133.8,4,0
2,1,139.3,292.4,13,26.57,0,0,0,1,1,827529.6,False,False,False,False,False,True,False,False,139.3,3,1
3,3,165.2,368.7,20,7.86,0,0,0,1,0,827235.84,False,False,True,False,False,False,False,True,165.2,6,0
3,3,231.5,0.0,19,2.15,1,0,0,0,0,1511055.31,False,False,False,False,False,False,False,False,231.5,6,0
2,1,117.9,279.1,11,6.64,1,0,1,0,0,522702.2,False,False,True,False,False,True,False,False,117.9,3,0
3,3,149.8,0.0,1,1.83,1,0,0,1,1,1454489.49,False,False,False,False,False,False,False,False,149.8,6,0
3,2,166.3,375.8,29,3.65,0,0,1,0,1,507688.65,False,False,False,True,False,True,False,False,166.3,5,0
4,4,223.5,0.0,20,6.63,1,0,0,0,0,1558733.21,False,False,False,False,False,False,False,False,223.5,8,0
5,4,259.7,554.5,11,2.21,0,0,1,0,1,2972014.09,False,False,False,False,False,True,False,False,259.7,9,0
2,2,165.8,392.7,17,10.9,1,0,1,0,1,1049666.16,False,False,True,False,False,True,False,False,165.8,4,0
3,3,181.1,263.8,19,2.88,1,0,1,1,1,1236123.84,False,False,False,False,True,True,False,False,181.1,6,0
2,1,102.1,0.0,25,11.19,0,0,0,0,1,251162.08,False,False,True,False,False,False,False,False,102.1,3,0
4,4,269.8,406.7,23,5.66,1,0,1,1,0,2886432.28,False,False,False,False,False,True,False,False,269.8,8,0
3,2,211.2,363.9,7,14.87,0,0,1,1,0,1741516.9,False,False,False,False,False,False,False,True,211.2,5,0
3,3,128.7,0.0,23,8.18,1,0,0,0,1,528551.19,False,True,False,False,False,False,False,False,128.7,6,0
3,3,205.0,428.6,29,5.76,1,0,0,1,0,865386.9,True,False,False,False,False,True,False,False,205.0,6,0
4,4,190.7,440.2,26,1.36,1,0,1,1,1,876715.28,False,True,False,False,False,False,True,False,190.7,8,0
1,1,94.6,117.9,29,12.13,0,1,1,1,1,401842.42,True,False,False,False,False,True,False,False,94.6,2,0
2,1,159.1,0.0,14,2.13,1,0,0,0,1,1439261.78,False,False,False,False,False,False,False,False,159.1,3,0
3,3,167.7,0.0,28,34.54,1,0,1,0,0,589245.87,False,False,False,False,False,False,False,False,167.7,6,1
1,1,147.6,0.0,27,14.66,0,0,1,1,1,378451.78,False,True,False,False,False,False,False,False,147.6,2,0
5,5,275.9,0.0,7,21.08,1,0,0,0,0,997122.9,False,False,False,False,True,False,False,False,275.9,10,1
2,1,114.9,0.0,1,13.45,0,0,1,0,1,389686.73,False,True,False,False,False,False,False,False,114.9,3,0
4,4,182.9,0.0,14,3.26,1,0,0,0,0,1720104.92,False,False,False,False,False,False,False,False,182.9,8,0
6,5,324.9,0.0,25,7.79,1,0,0,1,0,1648324.45,False,False,False,False,True,False,False,False,324.9,11,0
4,3,207.2,0.0,7,3.48,0,0,1,0,0,929866.0,False,True,False,False,False,False,False,False,207.2,7,0
3,2,169.4,370.0,16,1.2,1,0,0,0,0,819446.36,False,True,False,False,False,False,False,True,169.4,5,0
4,4,163.5,0.0,17,15.13,1,0,0,0,1,432484.55,True,False,False,False,False,False,False,False,163.5,8,1
2,2,135.1,306.2,22,35.97,0,0,0,1,0,319389.78,False,False,True,False,False,False,True,False,135.1,4,1
2,2,115.7,166.6,20,1.16,0,0,0,0,0,528382.96,False,False,True,False,False,False,True,False,115.7,4,0
3,3,181.3,351.5,10,6.64,0,0,1,1,0,682313.15,False,False,False,True,False,True,False,False,181.3,6,0
6,6,236.5,578.5,23,5.61,0,0,1,1,1,1308377.26,False,False,False,False,True,False,True,False,236.5,12,0
3,3,154.4,198.1,19,3.54,0,0,1,1,0,1227302.38,False,False,False,False,True,False,False,True,154.4,6,0
1,1,97.0,148.9,29,9.94,1,0,1,0,1,480927.38,False,False,False,False,True,False,True,False,97.0,2,0
2,1,139.9,277.5,8,3.04,0,0,0,1,0,1137905.35,False,True,False,False,False,True,False,False,139.9,3,0
1,1,103.4,193.2,26,3.85,1,0,0,0,0,387388.87,True,False,False,False,False,False,False,True,103.4,2,0
3,3,176.8,410.6,6,16.98,0,0,1,1,0,1719654.29,False,False,False,False,False,True,False,False,176.8,6,1
3,2,181.4,0.0,17,2.78,0,0,1,1,0,1153571.09,False,False,False,False,False,False,False,False,181.4,5,0
4,4,206.7,343.0,24,0.89,1,0,0,1,1,2117462.58,False,False,False,False,False,True,False,False,206.7,8,0
4,3,201.1,371.1,1,1.03,1,0,0,1,0,1823418.27,False,False,True,False,False,True,False,False,201.1,7,0
2,2,125.8,252.5,23,17.31,0,0,0,1,1,367330.06,True,False,False,False,False,True,False,False,125.8,4,1
2,1,134.4,238.9,4,1.06,0,0,1,1,1,2053968.73,False,False,False,False,False,True,False,False,134.4,3,0
4,4,213.9,0.0,24,12.53,0,0,0,1,0,464218.06,True,False,False,False,False,False,False,False,213.9,8,0
4,3,238.5,428.2,24,11.65,1,0,1,0,1,2414551.24,False,False,False,False,False,False,False,True,238.5,7,0
4,4,160.9,231.0,19,3.62,0,0,0,1,1,742589.51,True,False,False,False,False,True,False,False,160.9,8,0
4,3,199.7,0.0,27,0.82,0,0,1,0,1,703145.53,False,False,True,False,False,False,False,False,199.7,7,0
2,1,92.6,143.0,26,9.91,1,0,0,0,1,686828.04,False,False,False,False,False,False,False,True,92.6,3,0
2,1,143.9,289.9,26,3.54,1,0,1,1,0,934314.5,False,True,False,False,False,True,False,False,143.9,3,0
6,6,349.2,842.2,21,8.65,0,1,0,0,1,1866978.08,False,True,False,False,False,False,False,True,349.2,12,0
4,3,243.3,332.5,27,32.86,1,0,0,0,1,1565096.23,False,False,False,False,False,True,False,False,243.3,7,1
2,2,159.4,324.2,11,4.56,1,0,1,1,1,1153950.62,False,False,True,False,False,True,False,False,159.4,4,0
4,4,205.8,425.5,15,0.82,1,1,1,0,0,1274011.6,False,False,True,False,False,False,False,True,205.8,8,0
4,4,239.3,560.1,7,5.23,1,0,0,1,0,2897972.53,False,False,False,False,False,True,False,False,239.3,8,0
4,3,272.9,570.0,9,7.49,0,0,0,0,1,1720921.41,False,False,True,False,False,True,False,False,272.9,7,0
1,1,91.5,0.0,8,3.17,1,0,1,0,0,397407.75,True,False,False,False,False,False,False,False,91.5,2,0
4,3,182.0,382.6,1,9.52,1,1,1,0,0,1129537.39,True,False,False,False,False,False,False,True,182.0,7,0
4,3,231.1,294.3,4,6.0,1,0,0,0,0,1624617.11,False,False,True,False,False,True,False,False,231.1,7,0
4,3,223.8,0.0,12,20.21,0,0,0,1,1,358103.44,False,False,False,True,False,False,False,False,223.8,7,1
4,4,221.8,0.0,10,14.8,0,0,1,1,0,551347.36,True,False,False,False,False,False,False,False,221.8,8,0
5,5,241.0,370.4,16,18.59,0,0,1,1,0,1639882.32,False,False,False,False,False,False,True,False,241.0,10,1
5,4,221.8,353.7,21,3.77,1,0,1,0,0,818115.17,False,False,False,True,False,True,False,False,221.8,9,0
4,4,206.2,291.6,15,9.03,0,0,1,1,0,1063025.06,False,True,False,False,False,False,False,True,206.2,8,0
5,5,257.5,534.8,26,9.76,0,0,1,0,0,1766065.91,False,False,False,False,False,True,False,False,257.5,10,0
3,3,152.9,272.7,10,2.04,1,0,0,0,0,773350.78,True,False,False,False,False,False,False,True,152.9,6,0
4,4,246.2,342.3,11,18.77,1,1,1,0,0,890739.02,True,False,False,False,False,True,False,False,246.2,8,1
2,2,183.3,276.3,7,6.09,1,0,0,1,1,1232915.93,False,False,False,False,True,False,True,False,183.3,4,0
2,2,128.8,0.0,29,1.28,0,0,0,0,1,831460.45,False,False,False,False,False,False,False,False,128.8,4,0
2,2,150.1,0.0,11,12.85,0,0,0,0,0,345148.75,True,False,False,False,False,False,False,False,150.1,4,0
3,2,147.8,289.3,2,45.13,0,0,1,0,1,667338.86,False,False,False,False,True,False,True,False,147.8,5,1
3,2,145.9,202.5,7,0.73,1,0,1,0,0,1603474.24,False,False,False,False,True,False,False,True,145.9,5,0
6,6,303.5,499.7,7,9.86,1,0,1,0,0,2644505.15,False,False,False,False,True,False,False,True,303.5,12,0
2,1,111.1,184.2,9,8.41,1,0,0,1,1,615986.26,False,False,True,False,False,False,False,True,111.1,3,0
2,1,89.6,173.4,16,16.76,1,0,1,1,1,343285.04,False,True,False,False,False,True,False,False,89.6,3,1
3,2,148.1,0.0,11,8.49,0,0,0,0,0,595265.38,False,False,False,False,False,False,False,False,148.1,5,0
4,4,201.9,485.5,18,22.08,0,0,0,1,0,877590.88,False,False,False,False,True,True,False,False,201.9,8,1
3,3,170.5,420.3,27,8.13,1,0,0,0,1,787989.71,False,False,False,False,True,False,False,True,170.5,6,0
4,4,190.1,329.7,9,21.23,0,0,1,0,0,693928.62,False,True,False,False,False,False,False,True,190.1,8,1
3,2,206.9,256.7,20,8.29,0,0,1,1,0,698218.36,False,False,False,True,False,False,False,True,206.9,5,0
4,4,222.3,324.8,21,28.09,0,1,0,0,0,539618.35,False,False,False,True,False,True,False,False,222.3,8,1
3,2,180.8,0.0,24,0.61,1,0,1,1,1,721233.72,False,False,False,True,False,False,False,False,180.8,5,0
3,3,180.3,334.2,25,5.81,0,0,0,1,1,1495238.04,False,False,False,False,False,True,False,False,180.3,6,0
3,3,140.9,316.2,2,8.29,1,0,0,1,1,1539033.63,False,False,False,False,False,False,True,False,140.9,6,0
4,4,206.8,368.5,7,10.68,0,0,0,1,0,1290470.72,False,True,False,False,False,True,False,False,206.8,8,0
4,3,185.1,0.0,15,5.3,0,0,0,1,1,1010381.53,False,False,False,False,True,False,False,False,185.1,7,0
3,3,186.3,0.0,29,15.58,0,0,0,0,1,573564.93,False,False,False,False,False,False,False,False,186.3,6,1
3,3,137.4,306.6,4,6.5,1,1,1,0,1,960304.45,True,False,False,False,False,True,False,False,137.4,6,0
2,1,130.7,170.8,2,5.24,1,0,0,0,0,1753981.62,False,False,False,False,False,True,False,False,130.7,3,0
4,4,245.7,0.0,0,10.76,1,0,1,0,0,1035322.22,False,False,True,False,False,False,False,False,245.7,8,0
2,1,107.3,168.1,16,6.36,0,0,0,0,1,544859.14,False,False,True,False,False,True,False,False,107.3,3,0
2,1,63.8,0.0,7,2.96,1,0,0,0,0,502875.21,False,False,False,False,False,False,False,False,63.8,3,0
4,4,189.7,297.9,4,2.29,1,0,0,1,1,854831.69,False,False,False,True,False,False,False,True,189.7,8,0
4,4,219.6,0.0,7,17.2,1,0,0,0,0,1005131.31,False,False,False,False,True,False,False,False,219.6,8,1
3,3,196.8,270.9,21,5.94,1,0,0,1,1,1346794.95,False,False,False,False,True,False,True,False,196.8,6,0
2,2,106.6,191.7,16,0.95,1,0,1,0,0,1411138.89,False,False,False,False,False,True,False,False,106.6,4,0
3,3,158.0,0.0,5,2.87,0,0,0,0,1,1397441.56,False,False,False,False,False,False,False,False,158.0,6,0
2,1,141.3,217.9,19,24.13,0,0,1,0,0,930174.17,False,False,False,False,False,True,False,False,141.3,3,1
3,2,164.2,275.3,14,0.62,1,0,1,1,0,2217045.31,False,False,False,False,False,True,False,False,164.2,5,0
6,6,281.2,0.0,5,19.88,1,0,0,0,1,1239254.82,False,False,False,False,False,False,False,False,281.2,12,1
5,4,286.6,625.9,17,1.98,0,0,0,0,1,2317194.21,False,False,False,False,True,True,False,False,286.6,9,0
2,2,138.2,0.0,21,1.86,1,0,1,0,1,1173295.7,False,False,False,False,False,False,False,False,138.2,4,0
4,4,265.1,0.0,22,12.44,1,0,0,1,1,1829003.87,False,False,False,False,False,False,False,False,265.1,8,0
2,2,112.0,149.3,7,27.69,0,0,0,1,0,417831.64,False,False,True,False,False,True,False,False,112.0,4,1
3,3,151.5,336.0,7,0.68,1,0,1,0,0,961528.14,True,False,False,False,False,False,False,True,151.5,6,0
4,3,254.1,409.4,0,22.17,1,0,1,0,1,1447273.89,False,True,False,False,False,True,False,False,254.1,7,1
3,3,153.1,194.2,16,31.38,0,0,1,0,0,403857.42,False,True,False,False,False,True,False,False,153.1,6,1
5,4,252.7,512.0,22,4.83,0,0,1,0,1,1202156.25,False,True,False,False,False,False,False,True,252.7,9,0
1,1,52.4,127.2,22,2.38,1,1,1,1,0,801852.33,False,False,False,False,False,True,False,False,52.4,2,0
3,3,180.1,261.3,15,9.55,0,0,1,1,0,1044475.45,False,False,True,False,False,True,False,False,180.1,6,0
4,3,217.7,0.0,2,38.96,0,0,1,0,1,1159675.35,False,False,False,False,False,False,False,False,217.7,7,1
2,2,168.9,300.1,27,16.06,1,1,0,1,0,780185.72,False,False,True,False,False,True,False,False,168.9,4,1
3,3,198.5,0.0,16,1.57,0,0,1,1,1,665484.85,True,False,False,False,False,False,False,False,198.5,6,0
5,5,268.3,0.0,24,1.87,1,0,1,0,1,833521.71,False,False,True,False,False,False,False,False,268.3,10,0
5,5,253.4,486.1,8,25.21,1,0,1,1,0,1047234.21,False,False,True,False,False,False,True,False,253.4,10,1
2,1,112.3,0.0,26,6.92,1,0,1,0,0,637024.52,False,False,False,False,True,False,False,False,112.3,3,0
4,4,207.1,0.0,11,9.9,1,0,1,0,1,670301.54,True,False,False,False,False,False,False,False,207.1,8,0
3,2,152.7,0.0,10,8.84,1,0,1,1,1,615919.92,True,False,False,False,False,False,False,False,152.7,5,0
2,2,198.5,240.8,5,1.45,0,0,1,0,0,2296244.83,False,False,False,False,False,True,False,False,198.5,4,0
2,2,164.0,284.5,6,2.51,1,0,0,0,0,1790561.27,False,False,False,False,False,False,False,True,164.0,4,0
4,3,220.9,280.1,15,17.08,0,0,1,1,1,1793387.26,False,False,False,False,False,False,False,True,220.9,7,1
4,3,224.3,466.3,4,52.85,0,0,0,1,1,1661760.31,False,False,False,False,False,True,False,False,224.3,7,1
1,1,125.0,294.2,6,10.53,1,0,1,0,0,446024.62,True,False,False,False,False,False,True,False,125.0,2,0
4,3,230.0,500.3,0,6.4,1,0,0,1,1,1375776.36,False,True,False,False,False,False,True,False,230.0,7,0
4,3,190.8,0.0,24,4.63,1,0,0,1,0,667399.63,False,True,False,False,False,False,False,False,190.8,7,0
4,4,178.6,0.0,16,1.15,1,0,1,0,0,1053334.58,False,False,False,False,True,False,False,False,178.6,8,0
5,4,251.4,435.7,26,10.66,0,0,0,0,1,1174235.63,False,False,False,False,True,False,False,True,251.4,9,0
3,2,172.0,329.5,22,4.15,1,0,0,0,1,1470827.17,False,False,False,False,True,True,False,False,172.0,5,0
5,4,252.3,0.0,23,7.64,0,0,0,0,1,484706.1,False,False,False,True,False,False,False,False,252.3,9,0
4,3,200.8,331.2,17,10.12,0,0,1,0,1,1204676.38,False,False,False,False,True,False,False,True,200.8,7,0
3,3,214.5,478.9,5,18.51,0,0,1,1,1,1492910.39,False,False,False,False,False,False,True,False,214.5,6,1
2,1,115.9,175.1,1,6.39,0,0,1,0,0,848320.5,False,False,False,False,True,False,False,True,115.9,3,0
4,4,242.4,0.0,29,3.89,1,0,0,0,0,727203.85,False,False,True,False,False,False,False,False,242.4,8,0
3,3,227.9,342.5,18,0.64,0,0,1,0,1,1180089.32,True,False,False,False,False,True,False,False,227.9,6,0
4,4,185.2,338.4,25,9.17,0,0,0,0,1,1128235.95,False,False,False,False,False,False,False,True,185.2,8,0
3,2,177.0,0.0,3,2.56,0,0,0,0,0,926891.8,False,True,False,False,False,False,False,False,177.0,5,0
2,1,135.1,0.0,15,12.34,0,0,1,0,1,648659.74,False,False,False,False,False,False,False,False,135.1,3,0
2,1,135.5,0.0,17,0.59,0,0,0,1,1,1171347.12,False,False,False,False,False,False,False,False,135.5,3,0
3,3,193.2,392.4,6,5.69,1,0,0,1,0,2317095.87,False,False,False,False,False,False,False,True,193.2,6,0
3,3,181.4,453.3,27,1.02,1,0,0,1,1,2176068.86,False,False,False,False,False,True,False,False,181.4,6,0
4,4,212.5,477.8,15,1.94,0,0,1,0,1,1393907.13,False,False,False,False,True,True,False,False,212.5,8,0
3,3,203.4,0.0,9,12.55,1,0,1,0,0,1257523.29,False,False,False,False,False,False,False,False,203.4,6,0
2,1,118.1,0.0,22,3.5,0,0,0,0,0,624643.04,False,False,False,False,False,False,False,False,118.1,3,0
3,2,162.8,265.9,26,2.08,0,0,1,1,1,1882197.82,False,False,False,False,False,True,False,False,162.8,5,0
5,5,258.4,623.2,9,27.5,0,0,0,0,1,1835989.84,False,False,False,False,False,True,False,False,258.4,10,1
2,2,130.0,260.6,20,3.23,1,0,1,1,1,647514.56,False,True,False,False,False,False,True,False,130.0,4,0
4,4,146.6,0.0,3,2.56,1,0,1,1,0,897330.08,False,True,False,False,False,False,False,False,146.6,8,0
3,2,159.3,379.3,18,13.98,0,0,1,0,0,1298629.59,False,False,False,False,False,True,False,False,159.3,5,0
3,2,143.8,0.0,26,5.06,0,0,0,1,0,698013.5,False,False,False,False,False,False,False,False,143.8,5,0
3,3,160.7,0.0,15,5.78,1,0,0,0,1,552729.93,False,False,True,False,False,False,False,False,160.7,6,0
2,2,143.4,261.9,28,2.28,0,0,0,0,0,767699.53,False,False,True,False,False,True,False,False,143.4,4,0
3,3,157.6,224.5,7,9.43,0,0,1,1,0,736106.24,False,False,True,False,False,False,False,True,157.6,6,0
3,2,138.2,295.4,25,3.59,0,0,0,1,0,468954.5,True,False,False,False,False,False,False,True,138.2,5,0
3,3,182.3,378.3,19,1.1,0,1,0,1,1,1941066.85,False,False,False,False,False,False,False,True,182.3,6,0
5,5,270.0,0.0,13,6.73,1,0,1,1,1,1203186.41,False,False,True,False,False,False,False,False,270.0,10,0
4,4,245.2,444.3,19,1.13,1,0,1,1,0,1203222.25,False,True,False,False,False,False,True,False,245.2,8,0
3,3,177.6,0.0,0,22.35,1,0,1,0,0,1331441.32,False,False,False,False,False,False,False,False,177.6,6,1
1,1,85.3,0.0,5,1.89,1,0,0,0,1,426745.84,False,True,False,False,False,False,False,False,85.3,2,0
4,4,246.2,0.0,23,4.28,0,0,0,0,0,560196.79,True,False,False,False,False,False,False,False,246.2,8,0
3,3,203.0,307.2,27,1.11,1,0,1,0,1,1845664.63,False,False,False,False,False,False,False,True,203.0,6,0
2,1,159.0,284.6,10,14.97,0,0,1,1,1,706872.23,False,False,True,False,False,True,False,False,159.0,3,0
2,1,176.3,216.2,0,1.66,0,0,0,0,0,1204482.08,False,True,False,False,False,True,False,False,176.3,3,0
3,3,151.0,184.1,14,9.54,1,0,1,0,0,609289.49,False,True,False,False,False,False,False,True,151.0,6,0
3,3,158.3,0.0,9,13.6,0,0,1,1,1,1079751.87,False,False,False,False,False,False,False,False,158.3,6,0
3,3,191.8,0.0,21,3.47,0,0,0,1,1,1648417.36,False,False,False,False,False,False,False,False,191.8,6,0
3,2,138.9,0.0,6,0.73,0,0,1,0,1,1285691.31,False,False,False,False,False,False,False,False,138.9,5,0
2,2,144.6,281.0,12,1.55,0,1,1,0,0,778331.57,True,False,False,False,False,True,False,False,144.6,4,0
5,5,294.8,0.0,6,12.05,0,0,1,0,1,1891206.08,False,False,False,False,False,False,False,False,294.8,10,0
4,4,195.6,393.4,14,11.71,0,0,1,1,0,923734.9,False,False,True,False,False,False,False,True,195.6,8,0
3,2,104.2,167.6,4,11.19,0,1,1,0,1,474635.58,False,False,False,True,False,False,False,True,104.2,5,0
4,4,237.4,0.0,25,1.31,0,0,1,1,0,1093201.14,False,False,False,False,True,False,False,False,237.4,8,0
3,2,156.8,0.0,2,7.68,0,0,0,1,1,825021.95,False,True,False,False,False,False,False,False,156.8,5,0
2,1,112.9,247.9,7,2.96,1,0,1,0,1,953777.64,False,True,False,False,False,True,False,False,112.9,3,0
3,2,190.9,453.0,22,2.99,0,0,1,0,1,1835122.0,False,False,False,False,False,True,False,False,190.9,5,0
5,5,235.0,555.5,23,16.14,0,0,1,0,1,495953.94,False,False,False,True,False,False,True,False,235.0,10,1
3,2,150.5,316.8,13,9.18,0,0,1,0,1,1255861.97,False,False,False,False,False,False,False,True,150.5,5,0
4,3,219.9,0.0,28,5.14,1,0,1,1,0,1339829.35,False,False,False,False,False,False,False,False,219.9,7,0
6,5,263.5,596.1,5,0.5,1,0,0,0,0,3051712.15,False,False,False,False,False,False,True,False,263.5,11,0
3,2,171.4,0.0,15,1.1,1,0,0,1,1,892451.94,False,True,False,False,False,False,False,False,171.4,5,0
2,1,172.6,0.0,24,6.8,0,0,1,1,1,819619.78,False,False,False,False,True,False,False,False,172.6,3,0
3,3,118.3,0.0,1,13.44,1,0,0,0,1,859969.66,False,False,False,False,False,False,False,False,118.3,6,0
4,4,182.6,0.0,9,6.48,0,0,0,0,1,1232478.43,False,False,False,False,False,False,False,False,182.6,8,0
3,2,180.1,329.1,28,2.36,1,0,1,0,0,1378922.44,False,False,False,False,False,True,False,False,180.1,5,0
2,2,140.7,320.7,22,5.88,0,0,1,0,1,856572.27,False,False,False,False,True,True,False,False,140.7,4,0
1,1,73.6,0.0,3,9.59,0,0,1,1,0,209946.97,False,False,False,True,False,False,False,False,73.6,2,0
3,3,157.2,363.5,10,2.18,1,0,1,0,1,2180313.08,False,False,False,False,False,True,False,False,157.2,6,0
3,3,154.6,0.0,12,6.07,1,0,1,0,1,1258843.57,False,False,False,False,False,False,False,False,154.6,6,0
1,1,95.0,136.6,13,6.65,0,0,0,1,1,892332.31,False,False,False,False,False,False,False,True,95.0,2,0
4,4,167.0,0.0,3,6.26,0,0,0,0,0,1045382.64,False,False,False,False,False,False,False,False,167.0,8,0
3,3,194.8,0.0,2,2.11,0,0,1,0,1,1094181.02,False,True,False,False,False,False,False,False,194.8,6,0
3,3,167.5,345.5,23,10.21,0,0,1,1,1,846178.26,False,True,False,False,False,True,False,False,167.5,6,0
1,1,107.7,192.3,17,8.78,0,0,1,0,1,565126.71,False,True,False,False,False,False,False,True,107.7,2,0
3,3,199.5,498.6,27,33.45,1,0,1,1,1,1304252.87,False,False,False,False,False,True,False,False,199.5,6,1
3,2,183.5,386.7,0,14.13,0,0,1,0,0,1480984.07,False,False,False,False,False,False,True,False,183.5,5,0
1,1,55.3,76.2,27,1.18,1,0,1,1,1,338953.4,False,True,False,False,False,True,False,False,55.3,2,0
5,4,231.6,342.0,20,1.1,1,0,0,1,1,877752.08,True,False,False,False,False,False,True,False,231.6,9,0
2,2,137.1,0.0,21,17.71,1,0,0,0,0,324851.62,True,False,False,False,False,False,False,False,137.1,4,1
3,3,215.5,478.1,27,4.19,0,0,1,0,1,689185.0,False,False,False,True,False,False,False,True,215.5,6,0
4,4,210.0,481.5,20,12.95,0,0,0,0,0,992306.06,False,False,False,False,True,True,False,False,210.0,8,0
2,2,122.1,278.2,2,1.39,1,0,1,1,1,1235534.27,False,False,False,False,True,False,True,False,122.1,4,0
3,3,206.4,255.4,4,1.46,1,0,1,1,0,3087247.31,False,False,False,False,False,True,False,False,206.4,6,0
3,3,186.2,0.0,29,2.53,1,0,0,1,1,511208.18,True,False,False,False,False,False,False,False,186.2,6,0
4,3,150.1,223.4,28,6.4,0,0,1,1,1,695393.89,False,True,False,False,False,False,False,True,150.1,7,0
2,2,115.0,224.8,0,20.17,1,0,1,1,1,994504.41,False,False,False,False,False,False,True,False,115.0,4,1
3,2,172.6,215.8,28,3.59,1,1,1,1,1,1222771.33,False,False,True,False,False,True,False,False,172.6,5,0
3,2,171.3,406.3,6,7.38,0,0,1,1,1,2266713.44,False,False,False,False,False,True,False,False,171.3,5,0
2,2,136.6,0.0,4,1.94,1,0,0,0,0,420512.67,False,False,False,True,False,False,False,False,136.6,4,0
2,2,154.7,0.0,16,2.18,0,0,1,0,1,924088.64,False,False,False,False,True,False,False,False,154.7,4,0
3,3,172.8,370.5,9,16.88,0,0,1,1,1,801246.59,False,False,True,False,False,False,False,True,172.8,6,1
4,3,211.2,422.3,7,11.26,0,0,0,1,1,1462189.5,False,True,False,False,False,True,False,False,211.2,7,0
2,1,114.7,206.5,12,9.86,0,0,1,1,1,826523.34,False,False,False,False,True,False,False,True,114.7,3,0
1,1,110.6,0.0,8,0.77,0,0,0,0,0,612352.5,False,True,False,False,False,False,False,False,110.6,2,0
5,5,245.8,0.0,18,2.06,0,0,0,1,0,642193.9,False,False,False,True,False,False,False,False,245.8,10,0
3,2,135.8,317.3,20,20.18,0,0,0,1,0,442270.48,False,True,False,False,False,False,False,True,135.8,5,1
3,3,188.4,0.0,1,20.85,0,0,0,1,1,547487.87,False,False,True,False,False,False,False,False,188.4,6,1
4,3,240.1,292.6,15,1.23,0,0,1,1,0,2072377.0,False,True,False,False,False,True,False,False,240.1,7,0
4,4,184.9,0.0,15,21.09,0,0,1,1,1,625297.18,False,True,False,False,False,False,False,False,184.9,8,1
4,4,175.5,277.6,22,3.85,1,0,0,0,1,945702.2,False,True,False,False,False,False,True,False,175.5,8,0
4,3,197.8,305.1,15,13.4,0,0,0,0,1,1506088.96,False,False,False,False,False,True,False,False,197.8,7,0
4,4,255.0,465.6,24,2.59,0,0,1,1,1,2139404.57,False,False,False,False,False,True,False,False,255.0,8,0
3,2,203.4,0.0,2,2.13,0,0,0,0,0,978134.08,False,True,False,False,False,False,False,False,203.4,5,0
3,2,172.4,0.0,8,7.22,0,0,0,0,1,757853.99,False,False,True,False,False,False,False,False,172.4,5,0
3,3,199.5,316.2,10,1.66,1,0,1,1,0,1950590.47,False,False,False,False,True,False,False,True,199.5,6,0
3,3,146.2,0.0,17,3.9,0,0,0,1,0,927388.59,False,False,False,False,False,False,False,False,146.2,6,0
3,3,145.9,297.9,19,4.8,1,0,1,0,0,632892.84,False,False,False,True,False,False,False,True,145.9,6,0
5,5,276.1,0.0,26,13.44,0,0,0,1,1,767228.9,False,False,True,False,False,False,False,False,276.1,10,0
5,5,226.9,0.0,12,5.71,0,0,0,0,1,846586.19,False,True,False,False,False,False,False,False,226.9,10,0
4,3,255.8,509.4,8,9.63,0,0,1,1,1,2286842.4,False,False,False,False,False,False,False,True,255.8,7,0
5,5,229.9,0.0,13,10.92,0,0,1,0,0,1482977.77,False,False,False,False,False,False,False,False,229.9,10,0
6,5,282.1,0.0,21,19.02,0,0,0,0,1,1144957.21,False,False,False,False,False,False,False,False,282.1,11,1
3,2,178.8,227.8,2,14.51,1,0,1,1,0,802957.81,False,False,True,False,False,False,True,False,178.8,5,0
3,2,191.1,287.5,29,8.61,0,1,1,0,1,914694.56,False,False,True,False,False,True,False,False,191.1,5,0
4,4,226.6,336.7,19,5.77,0,0,0,1,0,916308.82,False,False,True,False,False,False,False,True,226.6,8,0
4,4,212.8,327.2,22,19.63,0,0,1,1,0,902634.92,False,False,False,False,True,False,True,False,212.8,8,1
3,2,196.5,246.0,24,9.44,1,0,1,0,0,573105.02,False,False,False,True,False,True,False,False,196.5,5,0
4,4,190.4,0.0,9,4.73,0,0,0,1,0,659648.96,False,False,True,False,False,False,False,False,190.4,8,0
3,2,163.9,366.0,13,12.51,0,0,1,0,0,777699.32,False,True,False,False,False,False,False,True,163.9,5,0
2,1,124.5,225.6,11,1.69,0,0,1,1,1,573874.91,False,False,False,True,False,False,False,True,124.5,3,0
2,2,192.3,0.0,19,5.05,0,0,1,0,0,812621.52,False,True,False,False,False,False,False,False,192.3,4,0
2,2,149.9,193.4,22,3.16,1,0,1,1,1,1380151.5,False,False,False,False,False,False,False,True,149.9,4,0
4,3,246.7,429.4,5,0.93,1,1,1,0,1,1475056.98,False,True,False,False,False,False,False,True,246.7,7,0
2,2,191.4,432.9,25,12.02,0,0,1,1,1,637105.78,False,True,False,False,False,False,True,False,191.4,4,0
4,3,217.4,0.0,9,9.21,0,0,0,1,0,853633.24,False,True,False,False,False,False,False,False,217.4,7,0
3,2,183.3,287.4,29,1.59,1,1,0,1,1,1795594.46,False,False,False,False,False,True,False,False,183.3,5,0
4,4,221.0,0.0,21,4.64,1,0,0,0,0,528139.05,False,False,False,True,False,False,False,False,221.0,8,0
2,2,125.2,189.6,17,14.39,0,1,1,0,1,876597.66,False,False,False,False,True,False,False,True,125.2,4,0
4,3,204.6,373.4,14,1.27,0,0,0,1,1,1263213.41,False,True,False,False,False,True,False,False,204.6,7,0
2,1,131.2,0.0,23,1.3,0,0,0,0,1,603123.95,False,False,False,False,True,False,False,False,131.2,3,0
2,1,83.7,0.0,27,1.66,1,0,0,0,0,546674.57,False,False,False,False,False,False,False,False,83.7,3,0
4,4,245.2,433.0,0,0.98,0,0,0,1,0,1686328.48,False,False,True,False,False,True,False,False,245.2,8,0
3,3,146.6,0.0,9,21.63,1,0,0,0,0,507621.52,False,False,False,False,True,False,False,False,146.6,6,1
6,5,287.0,465.4,29,5.18,0,1,0,0,0,1817895.46,False,False,False,False,False,True,False,False,287.0,11,0
4,4,183.5,379.4,2,20.05,1,1,1,0,1,2286275.17,False,False,False,False,False,True,False,False,183.5,8,1
3,2,206.7,271.1,26,11.86,0,0,0,1,0,880481.42,False,True,False,False,False,False,False,True,206.7,5,0
3,3,178.6,335.3,15,1.93,0,0,1,0,0,1318335.61,False,False,False,False,True,True,False,False,178.6,6,0
4,3,227.4,405.0,19,9.95,0,0,1,1,1,1950800.63,False,False,False,False,False,False,False,True,227.4,7,0
4,3,232.0,0.0,14,1.57,1,0,1,1,1,1383812.94,False,False,False,False,True,False,False,False,232.0,7,0
6,5,275.5,358.8,25,16.1,0,0,1,0,0,1106230.15,False,False,True,False,False,True,False,False,275.5,11,1
2,1,137.3,297.6,5,4.98,0,0,0,0,0,1505523.91,False,False,False,False,False,False,False,True,137.3,3,0
3,3,188.0,429.5,9,6.86,0,0,0,0,0,1863664.96,False,False,False,False,False,True,False,False,188.0,6,0
2,2,166.2,364.4,5,28.0,1,0,0,0,1,754990.59,False,False,False,False,False,False,False,True,166.2,4,1
3,3,175.0,246.6,18,6.29,0,0,1,0,0,966918.22,False,False,False,False,True,True,False,False,175.0,6,0
3,3,155.3,0.0,18,11.47,0,0,0,0,0,311804.16,False,False,False,True,False,False,False,False,155.3,6,0
3,3,179.4,298.3,28,2.38,0,0,1,0,0,1381137.22,False,False,False,False,False,False,False,True,179.4,6,0
3,3,212.9,0.0,2,4.3,0,0,0,1,0,671528.2,False,False,False,True,False,False,False,False,212.9,6,0
4,4,209.5,0.0,27,2.77,0,0,0,1,0,527826.13,False,False,True,False,False,False,False,False,209.5,8,0
4,4,223.8,0.0,13,34.08,0,0,0,0,1,820030.99,False,False,False,False,False,False,False,False,223.8,8,1
5,4,225.0,516.6,15,3.7,1,1,0,1,1,2166823.68,False,False,False,False,True,False,False,True,225.0,9,0
3,3,163.8,233.0,7,10.72,1,0,1,0,0,1421617.19,False,False,False,False,False,True,False,False,163.8,6,0
3,3,177.2,0.0,20,22.82,0,0,1,1,1,483449.39,False,True,False,False,False,False,False,False,177.2,6,1
3,3,186.8,0.0,28,1.49,0,0,1,1,1,1094039.02,False,False,False,False,False,False,False,False,186.8,6,0
1,1,92.5,142.7,14,15.48,0,0,0,0,1,280090.45,False,True,False,False,False,False,False,True,92.5,2,1
4,3,228.3,279.3,16,4.68,1,0,0,0,1,2543206.62,False,False,False,False,False,True,False,False,228.3,7,0
4,4,216.9,354.9,15,13.5,0,0,0,1,0,1146971.25,False,False,True,False,False,True,False,False,216.9,8,0
3,2,178.7,393.8,28,9.23,0,1,1,1,0,1095410.6,False,False,False,False,True,True,False,False,178.7,5,0
3,3,173.1,247.1,1,3.14,1,0,0,1,0,2577128.78,False,False,False,False,False,True,False,False,173.1,6,0
3,3,184.3,0.0,8,6.26,1,0,1,0,0,1399497.77,False,False,False,False,False,False,False,False,184.3,6,0
3,3,182.3,374.0,25,6.0,1,0,1,0,1,552034.81,True,False,False,False,False,False,False,True,182.3,6,0
2,2,119.7,232.7,18,2.62,1,1,0,0,0,1092575.94,False,False,False,False,False,True,False,False,119.7,4,0
3,2,176.4,0.0,28,3.89,0,0,0,0,0,332271.98,False,False,False,True,False,False,False,False,176.4,5,0
6,5,296.0,549.5,10,7.92,1,0,0,0,1,1551634.54,True,False,False,False,False,True,False,False,296.0,11,0
2,1,124.5,216.2,11,6.04,0,0,1,1,0,781681.61,False,True,False,False,False,True,False,False,124.5,3,0
6,6,292.0,360.1,18,24.03,0,0,0,0,0,565712.42,False,False,False,True,False,True,False,False,292.0,12,1
3,3,184.6,302.5,27,4.81,1,0,1,0,0,1296956.91,False,False,False,False,False,False,False,True,184.6,6,0
3,3,160.1,0.0,7,5.6,1,0,1,1,0,753553.2,False,False,True,False,False,False,False,False,160.1,6,0
3,2,155.9,0.0,7,8.62,0,0,1,1,1,1194897.63,False,False,False,False,False,False,False,False,155.9,5,0
1,1,133.9,0.0,11,4.44,1,0,1,0,0,548170.41,True,False,False,False,False,False,False,False,133.9,2,0
2,1,132.5,0.0,7,3.15,0,0,0,0,0,480880.79,False,True,False,False,False,False,False,False,132.5,3,0
3,3,209.1,0.0,4,1.56,0,0,0,0,0,1776137.58,False,False,False,False,False,False,False,False,209.1,6,0
5,5,218.1,401.1,14,1.46,1,0,0,0,1,1859865.17,False,False,False,False,False,False,True,False,218.1,10,0
3,3,161.1,0.0,22,10.26,0,0,0,0,1,858673.62,False,False,False,False,False,False,False,False,161.1,6,0
3,3,134.6,164.3,9,11.04,0,0,1,0,0,516292.1,False,True,False,False,False,False,False,True,134.6,6,0
3,3,148.0,269.3,18,5.93,0,0,1,1,0,822178.96,False,False,True,False,False,True,False,False,148.0,6,0
2,1,120.6,150.5,11,9.0,1,0,0,0,0,1265453.46,False,False,False,False,False,True,False,False,120.6,3,0
2,2,130.8,267.5,12,6.61,1,0,1,0,1,1286242.15,False,False,False,False,False,False,True,False,130.8,4,0
4,4,233.2,517.3,8,7.32,1,0,1,0,1,2327851.98,False,False,False,False,False,False,False,True,233.2,8,0
3,3,173.5,214.8,8,20.73,0,1,1,1,0,637503.28,False,False,False,True,False,True,False,False,173.5,6,1
4,3,223.9,0.0,20,4.83,1,0,0,0,1,1035734.86,False,True,False,False,False,False,False,False,223.9,7,0
1,1,76.8,113.6,16,22.15,1,1,1,0,0,504000.9,False,False,False,False,False,True,False,False,76.8,2,1
3,3,145.6,335.5,11,0.58,0,0,1,0,1,1658675.02,False,False,False,False,False,True,False,False,145.6,6,0
4,3,250.2,507.8,7,1.45,0,0,1,0,0,1668688.21,False,True,False,False,False,False,True,False,250.2,7,0
4,4,211.8,0.0,12,7.27,0,0,0,1,1,845263.52,False,False,True,False,False,False,False,False,211.8,8,0
3,3,140.9,200.5,5,8.02,1,0,1,0,0,1568924.57,False,False,False,False,False,True,False,False,140.9,6,0
5,4,264.2,0.0,21,14.46,1,0,0,0,0,812060.86,False,True,False,False,False,False,False,False,264.2,9,0
4,3,211.4,312.6,9,15.85,0,0,1,0,1,1570129.74,False,False,False,False,False,False,False,True,211.4,7,1
4,4,171.2,223.1,19,1.97,1,0,1,0,0,1551109.6,False,False,False,False,True,True,False,False,171.2,8,0
3,2,211.5,483.5,17,6.25,0,0,1,0,1,933206.04,False,False,True,False,False,False,False,True,211.5,5,0
4,4,195.2,244.6,11,10.83,0,0,1,0,0,1410947.32,False,False,False,False,False,False,True,False,195.2,8,0
3,3,157.5,199.7,12,1.26,1,0,1,0,1,1497141.11,False,False,False,False,True,True,False,False,157.5,6,0
3,3,175.6,0.0,23,1.47,1,0,0,0,1,762245.1,False,False,True,False,False,False,False,False,175.6,6,0
3,2,154.0,213.9,7,4.99,0,0,1,0,1,1046875.11,False,True,False,False,False,False,False,True,154.0,5,0
5,5,258.0,548.1,13,2.3,1,0,1,1,0,1559562.66,False,True,False,False,False,False,True,False,258.0,10,0
3,3,182.7,319.8,21,9.13,1,0,1,0,1,1164138.22,False,True,False,False,False,True,False,False,182.7,6,0
4,3,251.4,506.0,21,31.76,0,0,1,0,0,689027.36,False,False,True,False,False,False,False,True,251.4,7,1
5,5,274.7,612.4,2,1.57,0,0,1,1,0,1586205.26,False,False,True,False,False,True,False,False,274.7,10,0
4,3,235.5,0.0,11,34.64,1,0,1,1,0,909047.61,False,True,False,False,False,False,False,False,235.5,7,1
3,2,219.4,465.7,19,2.8,0,0,1,0,1,1253492.81,False,False,False,False,True,False,False,True,219.4,5,0
4,4,211.4,417.4,9,6.23,1,0,0,0,0,1443766.54,False,False,True,False,False,True,False,False,211.4,8,0
3,3,142.9,194.9,9,2.39,0,0,1,0,1,1031564.97,False,True,False,False,False,True,False,False,142.9,6,0
3,3,122.3,0.0,12,3.19,0,0,1,0,0,937746.73,False,False,False,False,False,False,False,False,122.3,6,0
2,1,137.1,0.0,0,2.2,0,0,0,1,0,1195112.12,False,False,False,False,False,False,False,False,137.1,3,0
3,2,172.1,0.0,19,15.32,0,0,0,1,1,385048.59,False,False,False,True,False,False,False,False,172.1,5,1
3,2,111.4,157.1,2,9.79,1,0,1,1,0,1456696.93,False,False,False,False,False,True,False,False,111.4,5,0
3,3,196.8,0.0,23,14.34,0,0,0,0,0,712498.16,False,True,False,False,False,False,False,False,196.8,6,0
2,1,128.5,0.0,19,1.35,0,0,0,0,1,901681.28,False,False,False,False,False,False,False,False,128.5,3,0
3,2,101.1,147.6,24,14.8,0,0,1,0,1,461329.62,False,False,False,False,True,False,False,True,101.1,5,0
6,6,300.7,0.0,26,9.8,1,0,1,0,0,853781.17,False,False,True,False,False,False,False,False,300.7,12,0
3,3,227.2,0.0,22,1.14,1,0,1,1,0,1803847.85,False,False,False,False,False,False,False,False,227.2,6,0
3,2,185.7,369.8,23,4.64,0,0,1,0,1,669366.28,False,False,False,True,False,False,False,True,185.7,5,0
5,4,244.1,561.5,7,1.03,0,0,1,0,1,730456.38,False,False,False,True,False,False,True,False,244.1,9,0
3,2,197.4,0.0,23,1.34,1,0,0,1,1,911761.1,False,True,False,False,False,False,False,False,197.4,5,0
4,4,191.0,313.1,7,3.83,0,1,1,0,0,2269856.45,False,False,False,False,False,False,False,True,191.0,8,0
3,2,207.5,0.0,26,15.33,1,0,0,1,1,522199.63,False,False,True,False,False,False,False,False,207.5,5,1
5,5,266.1,389.1,27,10.28,0,0,0,1,0,889179.01,True,False,False,False,False,True,False,False,266.1,10,0
4,4,195.0,390.0,27,12.64,0,0,1,0,0,1499358.31,False,False,False,False,False,True,False,False,195.0,8,0
5,5,198.1,375.5,19,17.4,1,0,0,0,1,1371655.72,False,False,False,False,True,True,False,False,198.1,10,1
4,4,215.9,0.0,3,5.86,0,0,0,0,1,1076224.07,False,False,True,False,False,False,False,False,215.9,8,0
3,3,139.9,0.0,5,1.23,1,0,0,0,0,1255198.75,False,False,False,False,False,False,False,False,139.9,6,0
4,4,223.0,376.4,12,24.32,1,0,1,0,1,668430.69,True,False,False,False,False,True,False,False,223.0,8,1
4,4,183.6,0.0,4,10.04,0,0,0,0,0,484380.89,True,False,False,False,False,False,False,False,183.6,8,0
6,6,311.5,0.0,17,3.62,0,0,0,1,0,1430927.2,False,False,True,False,False,False,False,False,311.5,12,0
3,3,184.2,302.9,9,9.17,0,0,1,0,1,1851136.28,False,False,False,False,False,False,False,True,184.2,6,0
4,4,194.7,0.0,0,2.36,1,0,1,1,1,1180665.79,False,False,True,False,False,False,False,False,194.7,8,0
2,2,170.7,0.0,2,1.4,0,0,0,0,1,1524204.67,False,False,False,False,False,False,False,False,170.7,4,0
4,4,216.6,0.0,16,5.97,0,0,1,0,1,1266398.0,False,False,False,False,True,False,False,False,216.6,8,0
5,5,223.2,444.6,5,7.58,0,1,0,0,1,1454400.55,False,False,True,False,False,True,False,False,223.2,10,0
4,4,192.4,0.0,12,8.04,1,0,0,0,0,1217295.61,False,False,False,False,False,False,False,False,192.4,8,0
6,5,305.4,0.0,15,0.67,1,0,0,1,0,1081693.03,True,False,False,False,False,False,False,False,305.4,11,0
3,2,139.6,0.0,25,5.58,1,0,0,1,1,727697.96,False,False,False,False,False,False,False,False,139.6,5,0
4,4,258.2,506.9,14,15.1,1,0,1,1,0,1912222.2,False,False,False,False,True,True,False,False,258.2,8,1
3,3,191.2,317.0,9,10.62,1,0,0,0,1,982910.24,False,True,False,False,False,False,False,True,191.2,6,0
5,4,236.0,0.0,21,12.16,1,0,0,0,1,1171591.52,False,False,False,False,False,False,False,False,236.0,9,0
5,5,246.1,0.0,23,2.0,0,0,0,1,1,980773.26,False,False,True,False,False,False,False,False,246.1,10,0
4,3,219.3,0.0,10,29.08,1,0,1,0,0,633251.83,False,True,False,False,False,False,False,False,219.3,7,1
3,3,170.0,328.4,18,7.74,1,0,0,0,1,715251.84,False,False,False,True,False,True,False,False,170.0,6,0
3,3,165.6,302.9,16,9.32,0,0,0,0,1,1467213.18,False,False,False,False,False,True,False,False,165.6,6,0
3,3,174.3,0.0,14,6.36,1,0,1,0,1,531095.69,False,False,False,True,False,False,False,False,174.3,6,0
3,3,192.8,427.5,18,6.29,1,0,1,0,0,998344.03,False,False,True,False,False,True,False,False,192.8,6,0
3,3,166.0,396.4,27,6.96,0,0,0,0,1,847751.42,False,True,False,False,False,True,False,False,166.0,6,0
3,2,213.0,319.5,3,1.47,0,0,0,0,1,739091.48,False,False,False,True,False,True,False,False,213.0,5,0
6,5,280.0,387.3,21,16.21,0,0,1,0,0,1053717.99,True,False,False,False,False,True,False,False,280.0,11,1
4,3,254.9,0.0,4,2.92,0,0,0,0,1,1967253.63,False,False,False,False,False,False,False,False,254.9,7,0
3,2,197.2,346.5,15,9.78,0,0,1,0,0,1675535.31,False,False,False,False,False,True,False,False,197.2,5,0
3,2,158.6,197.7,6,15.23,1,0,1,0,1,850590.57,True,False,False,False,False,True,False,False,158.6,5,1
2,1,162.1,0.0,14,17.77,0,0,0,1,1,996057.67,False,False,False,False,False,False,False,False,162.1,3,1
3,3,209.1,377.2,7,2.87,0,0,0,1,0,2064983.65,False,False,False,False,False,False,False,True,209.1,6,0
2,1,133.1,0.0,0,0.66,0,0,0,0,0,693573.83,False,True,False,False,False,False,False,False,133.1,3,0
5,4,262.7,583.4,29,28.96,0,0,1,0,0,819362.71,False,True,False,False,False,True,False,False,262.7,9,1
3,2,192.0,0.0,6,7.75,0,0,0,0,1,987018.55,False,False,False,False,True,False,False,False,192.0,5,0
2,2,137.0,259.9,15,4.13,0,0,1,1,1,1001755.47,False,False,True,False,False,True,False,False,137.0,4,0
4,4,199.2,0.0,9,10.41,0,0,0,1,0,1521810.37,False,False,False,False,False,False,False,False,199.2,8,0
4,3,212.7,493.8,5,16.78,0,0,0,0,0,1274280.98,False,False,False,False,True,True,False,False,212.7,7,1
6,5,245.7,305.9,12,2.03,0,0,0,0,1,2307894.76,False,False,False,False,True,True,False,False,245.7,11,0
3,2,122.4,0.0,1,7.12,1,0,0,1,0,1262391.07,False,False,False,False,False,False,False,False,122.4,5,0
3,3,190.8,0.0,19,1.35,1,0,0,1,0,1592979.42,False,False,False,False,False,False,False,False,190.8,6,0
2,2,135.2,0.0,25,19.79,1,0,0,0,0,635421.45,False,False,False,False,False,False,False,False,135.2,4,1
3,3,193.6,309.0,12,16.82,1,0,1,0,0,1486669.22,False,False,False,False,False,False,False,True,193.6,6,1
5,4,239.5,288.4,22,1.42,0,0,1,1,1,811159.31,False,False,False,True,False,False,False,True,239.5,9,0
4,4,189.7,0.0,21,20.1,0,0,0,1,1,732522.99,False,False,False,False,False,False,False,False,189.7,8,1
3,3,196.5,438.1,18,7.6,1,0,1,0,1,1238855.58,False,True,False,False,False,False,False,True,196.5,6,0
4,4,177.0,0.0,2,4.45,0,0,0,0,1,751279.71,False,False,True,False,False,False,False,False,177.0,8,0
6,5,277.2,576.0,13,1.16,1,1,1,1,1,2572119.66,False,False,False,False,True,True,False,False,277.2,11,0
3,3,202.7,290.7,15,7.98,0,1,0,1,1,2127527.23,False,False,False,False,False,False,False,True,202.7,6,0
4,3,211.0,257.1,21,7.07,0,1,1,1,1,814388.6,False,False,True,False,False,False,False,True,211.0,7,0
1,1,119.7,0.0,21,3.02,0,0,1,1,1,510352.82,False,False,False,False,True,False,False,False,119.7,2,0
3,2,176.5,0.0,16,1.71,0,0,0,1,1,543703.02,False,False,False,True,False,False,False,False,176.5,5,0
4,3,205.6,0.0,4,5.52,0,0,0,0,0,1753680.04,False,False,False,False,False,False,False,False,205.6,7,0
3,2,181.7,384.1,12,8.99,1,0,1,0,1,659594.24,True,False,False,False,False,False,True,False,181.7,5,0
4,4,203.2,258.9,0,19.66,0,0,1,1,0,522534.54,False,False,False,True,False,False,False,True,203.2,8,1
2,2,106.6,176.1,11,15.52,1,0,1,1,0,1188241.17,False,False,False,False,False,True,False,False,106.6,4,1
4,3,241.6,359.8,19,6.74,1,0,1,0,1,1720815.51,False,False,False,False,False,False,True,False,241.6,7,0
4,4,239.6,0.0,26,1.29,1,0,0,0,1,1758948.12,False,False,False,False,False,False,False,False,239.6,8,0
4,4,218.0,0.0,27,5.06,0,0,0,0,0,709074.2,False,False,True,False,False,False,False,False,218.0,8,0
4,3,205.5,323.5,7,21.18,0,0,1,1,1,1012502.71,False,True,False,False,False,True,False,False,205.5,7,1
5,5,242.2,0.0,7,6.69,0,0,0,0,0,749993.0,True,False,False,False,False,False,False,False,242.2,10,0
4,4,196.9,408.9,14,3.88,0,0,1,0,1,1174136.71,False,True,False,False,False,False,False,True,196.9,8,0
2,1,188.1,0.0,7,5.23,0,0,0,0,1,1204406.13,False,False,False,False,False,False,False,False,188.1,3,0
2,2,107.8,0.0,20,3.37,0,0,1,0,1,690942.89,False,False,False,False,False,False,False,False,107.8,4,0
2,2,107.7,172.0,9,4.96,1,0,1,1,0,684636.62,False,False,True,False,False,False,False,True,107.7,4,0
4,3,210.5,298.2,28,1.27,1,0,1,0,0,1372661.65,False,True,False,False,False,False,False,True,210.5,7,0
4,4,212.3,346.0,26,8.85,0,1,0,0,0,756372.67,False,True,False,False,False,False,False,True,212.3,8,0
3,3,205.9,0.0,24,27.79,0,0,1,1,0,685001.23,False,False,False,False,False,False,False,False,205.9,6,1
1,1,106.0,0.0,10,2.42,0,0,0,0,1,791885.94,False,False,False,False,True,False,False,False,106.0,2,0
6,5,276.1,0.0,29,4.38,0,0,1,0,1,536509.83,False,False,False,True,False,False,False,False,276.1,11,0
4,4,161.8,273.0,16,11.55,1,1,1,0,1,897422.1,False,True,False,False,False,True,False,False,161.8,8,0
4,3,163.4,0.0,20,31.13,1,0,0,0,1,576494.5,False,False,False,False,True,False,False,False,163.4,7,1
2,1,162.0,385.6,11,0.53,1,0,0,1,0,775866.13,True,False,False,False,False,False,False,True,162.0,3,0
3,3,208.4,318.9,15,0.73,0,0,0,0,0,983807.25,False,True,False,False,False,False,True,False,208.4,6,0
4,4,216.6,306.8,14,20.42,1,0,0,0,1,869035.91,False,True,False,False,False,False,False,True,216.6,8,1
4,3,201.8,244.2,1,6.56,0,0,1,0,0,923905.58,False,False,False,True,False,True,False,False,201.8,7,0
4,4,225.3,287.3,2,16.68,0,0,1,0,1,1905046.36,False,False,False,False,True,True,False,False,225.3,8,1
5,5,247.5,0.0,14,8.52,0,0,0,1,0,1196453.61,False,False,False,False,True,False,False,False,247.5,10,0
3,3,164.2,318.5,22,17.9,0,0,1,0,1,494499.21,True,False,False,False,False,True,False,False,164.2,6,1
3,3,161.5,227.1,26,8.79,0,0,1,0,0,700094.46,False,True,False,False,False,True,False,False,161.5,6,0
6,6,257.0,493.5,27,1.19,0,0,0,0,1,984370.98,True,False,False,False,False,True,False,False,257.0,12,0
4,4,203.6,266.3,24,9.38,1,0,1,0,0,1635469.96,False,False,False,False,False,False,False,True,203.6,8,0
5,4,221.1,341.5,6,4.51,1,0,1,1,1,2580154.09,False,False,False,False,False,False,False,True,221.1,9,0
4,4,192.4,235.9,8,4.92,0,0,0,0,1,623663.57,True,False,False,False,False,False,True,False,192.4,8,0
2,2,137.8,276.9,13,13.62,0,0,1,0,0,652171.76,False,False,False,False,True,False,True,False,137.8,4,0
3,3,200.9,305.0,29,7.96,0,0,1,0,0,1635594.06,False,False,False,False,False,True,False,False,200.9,6,0
4,3,212.3,461.0,21,3.33,0,0,0,1,0,1381489.8,False,False,False,False,False,False,False,True,212.3,7,0
3,3,149.9,203.6,25,1.96,1,0,0,0,1,921338.09,False,False,True,False,False,True,False,False,149.9,6,0
5,5,247.9,0.0,2,7.49,0,0,1,0,1,870583.72,True,False,False,False,False,False,False,False,247.9,10,0
2,2,94.0,123.9,24,7.67,1,0,1,0,0,336476.09,False,False,True,False,False,False,True,False,94.0,4,0
4,3,173.0,0.0,22,5.07,0,0,0,0,1,1025163.19,False,False,False,False,False,False,False,False,173.0,7,0
5,5,264.7,0.0,14,4.48,0,0,0,0,0,1115436.29,False,True,False,False,False,False,False,False,264.7,10,0
3,3,198.2,0.0,5,14.39,0,0,1,0,1,1350583.19,False,False,False,False,False,False,False,False,198.2,6,0
2,1,130.6,0.0,5,7.12,1,0,0,0,0,649366.56,False,True,False,False,False,False,False,False,130.6,3,0
4,4,174.7,0.0,8,9.16,1,0,0,0,1,1362420.37,False,False,False,False,False,False,False,False,174.7,8,0
5,5,230.3,380.6,10,13.42,0,0,1,1,0,947710.1,True,False,False,False,False,False,False,True,230.3,10,0
3,3,135.1,0.0,21,6.46,0,0,0,0,1,714369.31,False,False,False,False,False,False,False,False,135.1,6,0
3,2,214.4,0.0,8,12.07,0,0,0,0,0,1242931.6,False,False,False,False,False,False,False,False,214.4,5,0
4,4,218.6,0.0,26,22.58,1,0,1,0,0,546066.88,False,True,False,False,False,False,False,False,218.6,8,1
3,3,146.1,184.4,20,6.25,1,0,1,0,0,724182.77,False,False,False,True,False,True,False,False,146.1,6,0
3,2,165.0,349.2,11,2.17,0,0,1,0,1,1410866.97,False,True,False,False,False,True,False,False,165.0,5,0
3,3,159.1,0.0,21,0.82,0,0,0,1,1,734686.14,False,True,False,False,False,False,False,False,159.1,6,0
4,4,205.5,0.0,18,8.38,0,0,0,0,1,1130231.09,False,False,False,False,False,False,False,False,205.5,8,0
4,3,229.5,344.3,28,46.58,0,0,1,0,1,796963.44,False,False,False,False,False,False,True,False,229.5,7,1
3,3,148.6,332.6,24,2.39,1,0,1,0,0,768135.68,False,True,False,False,False,False,True,False,148.6,6,0
2,2,195.4,457.2,6,2.04,0,0,1,0,1,1804093.8,False,False,False,False,False,False,False,True,195.4,4,0
1,1,89.6,129.2,20,4.69,1,0,1,1,1,902543.21,False,False,False,False,False,False,False,True,89.6,2,0
3,3,160.2,234.4,29,3.02,1,0,0,0,0,1054033.13,False,True,False,False,False,True,False,False,160.2,6,0
3,3,203.3,305.4,26,10.57,0,0,0,1,0,1793730.12,False,False,False,False,False,True,False,False,203.3,6,0
3,3,166.9,0.0,25,4.73,0,0,1,0,1,1023270.28,False,False,False,False,False,False,False,False,166.9,6,0
3,3,157.5,0.0,24,1.5,1,0,1,0,1,1289189.27,False,False,False,False,False,False,False,False,157.5,6,0
3,3,184.8,0.0,5,6.16,0,0,0,0,1,685342.15,False,False,True,False,False,False,False,False,184.8,6,0
6,6,230.4,0.0,14,5.66,1,0,0,1,0,2021114.7,False,False,False,False,False,False,False,False,230.4,12,0
3,2,116.1,233.9,7,5.27,0,0,1,0,1,1186375.42,False,False,False,False,False,False,False,True,116.1,5,0
2,1,172.2,250.6,17,11.7,0,0,0,1,1,906136.96,False,True,False,False,False,True,False,False,172.2,3,0
3,3,151.8,366.1,18,5.08,1,0,1,0,1,1327300.7,False,False,False,False,False,False,True,False,151.8,6,0
2,1,121.7,255.3,18,4.08,1,0,0,0,0,661109.42,False,False,True,False,False,True,False,False,121.7,3,0
3,2,203.1,352.4,11,8.84,1,0,0,0,1,2607763.81,False,False,False,False,False,True,False,False,203.1,5,0
4,4,196.9,0.0,1,7.73,0,0,0,1,0,1909142.28,False,False,False,False,False,False,False,False,196.9,8,0
3,2,166.5,245.0,26,4.87,1,0,1,1,0,853292.06,True,False,False,False,False,True,False,False,166.5,5,0
3,2,163.0,0.0,25,2.51,1,0,0,1,0,1245557.02,False,False,False,False,False,False,False,False,163.0,5,0
5,5,257.6,594.8,17,4.52,1,1,1,0,0,3343319.22,False,False,False,False,False,False,False,True,257.6,10,0
4,4,174.9,0.0,16,9.33,1,0,0,1,1,443649.36,True,False,False,False,False,False,False,False,174.9,8,0
4,4,201.9,321.0,7,19.42,0,0,0,1,0,1113483.79,False,True,False,False,False,True,False,False,201.9,8,1
3,2,195.2,0.0,4,2.88,1,0,0,0,1,1460616.5,False,False,False,False,True,False,False,False,195.2,5,0
5,4,254.1,0.0,24,1.27,0,0,1,0,0,1734797.11,False,False,False,False,False,False,False,False,254.1,9,0
2,1,143.6,185.7,2,5.43,1,0,1,1,0,866520.18,True,False,False,False,False,True,False,False,143.6,3,0
3,2,138.9,0.0,19,1.07,1,0,1,0,0,1138523.01,False,False,False,False,False,False,False,False,138.9,5,0
3,3,159.9,351.5,12,1.65,1,0,1,0,1,839106.66,False,False,False,True,False,True,False,False,159.9,6,0
4,3,213.0,0.0,26,6.92,0,0,1,1,0,336350.65,False,False,False,True,False,False,False,False,213.0,7,0
3,2,170.0,0.0,23,8.2,1,0,0,1,1,520206.86,False,False,True,False,False,False,False,False,170.0,5,0
6,5,277.5,502.8,18,25.86,1,0,0,1,0,1109116.55,False,True,False,False,False,True,False,False,277.5,11,1
6,6,324.1,0.0,27,3.27,1,0,0,0,0,1693733.13,False,False,False,False,False,False,False,False,324.1,12,0
5,4,285.7,506.0,3,25.59,0,0,0,1,1,1364687.39,False,True,False,False,False,True,False,False,285.7,9,1
3,3,184.9,450.1,5,7.13,0,0,0,1,1,1362023.01,False,False,False,False,True,False,True,False,184.9,6,0
5,5,235.9,389.4,21,12.69,1,0,1,0,0,873641.0,False,False,False,True,False,False,False,True,235.9,10,0
4,4,231.9,0.0,2,11.98,0,0,0,0,0,1174069.2,False,False,False,False,True,False,False,False,231.9,8,0
4,3,213.6,0.0,9,7.69,0,0,0,0,0,890874.65,False,True,False,False,False,False,False,False,213.6,7,0
4,4,171.4,0.0,18,1.26,1,0,0,1,1,1213111.44,False,False,False,False,False,False,False,False,171.4,8,0
4,4,228.3,0.0,10,12.75,0,0,0,1,1,1369406.08,False,False,False,False,False,False,False,False,228.3,8,0
1,1,91.6,218.4,21,1.72,1,0,1,0,1,436129.63,False,False,True,False,False,False,True,False,91.6,2,0
4,4,192.0,330.6,25,5.94,1,0,0,1,0,1788447.39,False,False,False,False,False,True,False,False,192.0,8,0
3,2,180.3,0.0,18,6.21,0,0,1,0,0,980059.6,False,False,False,False,True,False,False,False,180.3,5,0
2,2,154.2,280.1,20,3.92,0,0,1,1,1,1308620.46,False,False,False,False,False,False,False,True,154.2,4,0
3,3,166.1,206.7,7,3.38,1,0,1,1,1,2042105.1,False,False,False,False,False,False,True,False,166.1,6,0
5,5,220.6,0.0,22,16.63,0,0,0,0,1,781412.2,False,False,False,False,True,False,False,False,220.6,10,1
4,3,178.7,0.0,25,24.04,0,0,0,1,1,717092.02,False,False,False,False,False,False,False,False,178.7,7,1
4,4,209.4,287.2,8,4.72,0,0,0,1,1,2322187.04,False,False,False,False,False,True,False,False,209.4,8,0
5,4,280.2,0.0,7,6.19,0,0,1,1,1,2223546.62,False,False,False,False,False,False,False,False,280.2,9,0
3,2,210.4,315.9,4,0.65,1,0,0,1,0,2743313.04,False,False,False,False,True,True,False,False,210.4,5,0
4,3,211.0,0.0,25,3.5,0,0,1,0,0,418331.98,True,False,False,False,False,False,False,False,211.0,7,0
5,5,238.2,0.0,21,10.81,0,0,1,0,1,1291338.94,False,False,False,False,False,False,False,False,238.2,10,0
4,3,206.1,0.0,9,4.98,1,0,0,0,1,1654975.11,False,False,False,False,False,False,False,False,206.1,7,0
3,2,167.3,400.4,16,2.19,1,0,1,1,0,1163036.27,False,True,False,False,False,False,True,False,167.3,5,0
1,1,71.6,0.0,24,14.11,1,0,0,0,0,317159.53,False,False,False,False,False,False,False,False,71.6,2,0
4,4,229.1,371.1,12,17.67,1,0,1,0,1,1791084.84,False,False,False,False,True,True,False,False,229.1,8,1
5,4,269.0,357.6,13,1.33,0,0,1,0,1,2132498.13,False,False,False,False,True,True,False,False,269.0,9,0
3,2,206.8,346.3,0,7.62,1,0,1,0,1,1528306.4,False,True,False,False,False,False,False,True,206.8,5,0
4,3,164.1,389.2,26,1.5,0,0,1,1,1,1144117.19,False,False,False,False,False,False,True,False,164.1,7,0
4,4,196.4,306.5,8,4.58,1,0,1,0,1,1520470.92,False,False,True,False,False,True,False,False,196.4,8,0
2,1,171.3,0.0,16,9.7,0,0,0,1,0,401699.03,True,False,False,False,False,False,False,False,171.3,3,0
4,4,198.4,0.0,16,10.86,0,0,1,1,0,462746.19,True,False,False,False,False,False,False,False,198.4,8,0
2,2,113.4,248.2,28,10.77,1,1,1,0,0,615990.43,False,False,False,False,True,True,False,False,113.4,4,0
2,2,144.1,337.6,21,15.19,1,0,0,0,0,339945.08,False,False,False,True,False,True,False,False,144.1,4,1
3,2,139.6,193.1,22,22.47,0,0,1,1,1,722842.77,False,False,False,False,True,False,False,True,139.6,5,1
3,3,159.4,0.0,18,15.75,1,0,0,0,1,621373.7,False,True,False,False,False,False,False,False,159.4,6,1
4,4,155.2,0.0,15,0.85,0,0,1,0,1,439197.63,True,False,False,False,False,False,False,False,155.2,8,0
4,4,193.2,355.0,14,3.77,0,0,0,0,0,768116.42,True,False,False,False,False,True,False,False,193.2,8,0
2,1,142.3,304.7,18,3.2,1,0,1,1,1,2016179.65,False,False,False,False,False,True,False,False,142.3,3,0
3,2,197.2,0.0,14,2.74,0,0,1,0,1,928475.98,False,False,True,False,False,False,False,False,197.2,5,0
3,2,154.9,0.0,9,1.62,0,0,0,0,1,486310.43,False,False,False,True,False,False,False,False,154.9,5,0
3,2,149.3,185.7,20,15.08,1,0,1,0,0,396180.62,False,False,False,True,False,False,False,True,149.3,5,1
3,2,197.0,0.0,24,1.04,0,0,0,0,1,420051.53,False,False,False,True,False,False,False,False,197.0,5,0
3,2,181.4,0.0,10,10.11,0,0,1,1,1,834703.95,False,True,False,False,False,False,False,False,181.4,5,0
4,4,208.3,0.0,9,4.63,0,0,1,0,1,696027.42,True,False,False,False,False,False,False,False,208.3,8,0
5,4,208.7,0.0,11,6.69,1,0,1,0,0,1424656.83,False,False,False,False,False,False,False,False,208.7,9,0
6,6,243.7,347.0,26,8.18,0,0,0,0,1,1484020.42,False,False,False,False,False,True,False,False,243.7,12,0
3,3,152.7,312.9,24,2.02,0,0,1,1,0,1320190.22,False,False,False,False,False,False,True,False,152.7,6,0
2,1,101.9,0.0,6,1.4,0,0,0,1,1,1126036.46,False,False,False,False,False,False,False,False,101.9,3,0
3,2,183.8,0.0,15,4.38,0,0,0,0,1,416036.52,False,False,False,True,False,False,False,False,183.8,5,0
4,3,216.1,0.0,0,1.38,1,0,0,0,0,1273785.19,False,False,True,False,False,False,False,False,216.1,7,0
4,3,185.0,299.5,18,7.67,0,1,0,0,1,1122654.06,False,True,False,False,False,False,False,True,185.0,7,0
4,4,248.5,486.5,8,6.17,1,0,1,0,1,2600343.17,False,False,False,False,False,False,False,True,248.5,8,0
2,2,106.4,134.9,14,25.46,0,0,1,0,0,709620.89,False,False,False,False,False,True,False,False,106.4,4,1
1,1,72.4,0.0,12,7.1,1,0,1,1,1,253563.6,True,False,False,False,False,False,False,False,72.4,2,0
3,2,202.0,301.4,9,9.45,1,0,0,0,1,1008181.59,True,False,False,False,False,True,False,False,202.0,5,0
3,3,199.8,491.0,22,23.12,0,0,0,0,1,645429.74,True,False,False,False,False,True,False,False,199.8,6,1
3,2,155.4,346.1,20,13.62,0,0,0,1,0,1335514.9,False,False,False,False,False,False,False,True,155.4,5,0
6,5,294.8,596.8,13,1.28,0,0,1,1,1,2083100.62,False,False,True,False,False,True,False,False,294.8,11,0
5,4,260.2,0.0,12,11.84,1,0,0,0,0,593783.91,False,False,False,True,False,False,False,False,260.2,9,0
5,5,235.1,307.0,22,10.87,1,0,1,0,0,1062816.4,False,False,True,False,False,False,False,True,235.1,10,0
2,1,123.0,0.0,19,5.9,0,0,0,0,1,716360.51,False,False,False,False,False,False,False,False,123.0,3,0
3,3,216.1,0.0,14,5.2,0,0,1,0,0,1294439.39,False,False,False,False,False,False,False,False,216.1,6,0
4,3,218.5,289.5,9,10.18,1,0,1,0,0,1817732.3,False,True,False,False,False,True,False,False,218.5,7,0
2,1,155.9,353.9,22,3.56,0,0,1,0,0,533907.34,False,False,False,True,False,True,False,False,155.9,3,0
3,2,189.2,335.2,26,2.14,1,0,0,0,0,929777.01,True,False,False,False,False,True,False,False,189.2,5,0
5,4,232.3,0.0,12,3.67,0,0,0,1,0,1884476.2,False,False,False,False,False,False,False,False,232.3,9,0
4,4,216.4,361.0,11,27.99,1,0,0,0,0,1236745.22,False,False,False,False,False,False,False,True,216.4,8,1
3,2,168.0,0.0,24,8.3,0,0,1,0,1,397047.78,True,False,False,False,False,False,False,False,168.0,5,0
2,2,115.7,0.0,20,4.98,1,0,1,0,0,496036.28,False,True,False,False,False,False,False,False,115.7,4,0
4,3,199.7,490.7,6,6.88,0,0,1,1,1,2370505.38,False,False,False,False,False,True,False,False,199.7,7,0
2,1,176.4,0.0,12,26.22,0,0,1,1,0,802757.01,False,False,False,False,False,False,False,False,176.4,3,1
4,4,206.0,0.0,17,9.51,1,0,0,0,1,940442.89,False,False,False,False,True,False,False,False,206.0,8,0
4,4,208.3,0.0,11,15.74,1,0,0,1,0,1291684.29,False,False,False,False,False,False,False,False,208.3,8,1
4,4,215.2,484.5,20,1.42,1,0,1,1,1,1221269.37,True,False,False,False,False,True,False,False,215.2,8,0
2,2,105.1,154.6,2,8.83,1,0,0,1,1,862490.26,False,True,False,False,False,True,False,False,105.1,4,0
3,3,172.4,403.0,23,9.18,0,0,0,0,1,1483346.25,False,False,False,False,False,True,False,False,172.4,6,0
4,4,207.4,0.0,20,6.87,0,0,0,0,1,1118846.68,False,False,False,False,False,False,False,False,207.4,8,0
2,1,160.2,0.0,20,1.51,0,0,0,0,1,916418.03,False,False,False,False,True,False,False,False,160.2,3,0
3,2,179.4,424.2,17,1.14,0,0,1,1,0,1842995.6,False,False,False,False,False,False,False,True,179.4,5,0
6,6,275.4,684.6,20,2.35,1,0,0,0,1,1938410.92,False,True,False,False,False,True,False,False,275.4,12,0
1,1,84.3,0.0,9,26.42,1,0,0,0,1,191861.13,True,False,False,False,False,False,False,False,84.3,2,1
2,2,127.8,0.0,6,1.11,1,0,0,0,1,776042.79,False,False,False,False,False,False,False,False,127.8,4,0
3,3,186.5,315.1,21,11.69,1,0,0,1,0,952292.76,False,False,True,False,False,False,False,True,186.5,6,0
4,4,201.1,269.0,3,15.5,0,0,1,1,1,1005902.6,False,False,False,True,False,True,False,False,201.1,8,1
2,1,125.0,158.7,12,3.48,0,0,0,0,1,806285.45,False,False,False,False,True,False,False,True,125.0,3,0
2,1,144.6,239.6,19,10.63,0,0,1,1,0,1254414.8,False,False,False,False,False,False,False,True,144.6,3,0
4,4,185.8,0.0,5,2.24,0,0,1,0,0,1414808.02,False,False,False,False,False,False,False,False,185.8,8,0
3,2,171.6,421.9,13,8.22,0,0,0,1,0,1381430.66,False,False,False,False,False,True,False,False,171.6,5,0
5,5,250.1,0.0,18,28.57,1,0,1,1,1,826910.47,False,False,False,False,True,False,False,False,250.1,10,1
3,3,207.6,514.1,20,2.72,0,0,1,0,0,1160869.37,False,False,True,False,False,True,False,False,207.6,6,0
3,3,177.2,355.0,23,4.44,0,1,0,0,0,943009.36,False,False,True,False,False,True,False,False,177.2,6,0
3,3,174.2,301.9,20,18.1,0,1,1,0,0,644332.09,False,False,True,False,False,False,False,True,174.2,6,1
3,3,168.2,0.0,11,3.06,0,0,1,0,1,370555.69,False,False,False,True,False,False,False,False,168.2,6,0
3,3,148.8,259.8,28,5.44,1,1,1,1,0,1279456.73,False,False,False,False,True,True,False,False,148.8,6,0
3,3,200.2,0.0,28,8.09,1,0,1,1,0,1060998.92,False,False,False,False,True,False,False,False,200.2,6,0
3,2,185.6,0.0,4,15.46,1,0,1,0,1,1184610.37,False,False,False,False,False,False,False,False,185.6,5,1
2,1,136.4,0.0,24,3.67,0,0,0,1,1,876924.46,False,False,False,False,False,False,False,False,136.4,3,0
4,4,197.9,394.0,14,1.78,1,0,1,1,1,2655479.83,False,False,False,False,False,True,False,False,197.9,8,0
2,1,163.9,199.8,1,7.33,0,0,1,0,1,857778.25,False,False,False,True,False,True,False,False,163.9,3,0
3,2,179.3,418.3,6,4.35,1,0,1,0,0,1170972.31,False,True,False,False,False,False,True,False,179.3,5,0
4,4,176.1,254.0,9,2.46,1,1,1,1,0,1623675.06,False,True,False,False,False,True,False,False,176.1,8,0
2,2,175.7,0.0,28,6.83,1,0,1,1,0,419664.79,False,False,False,True,False,False,False,False,175.7,4,0
3,3,184.7,267.0,20,17.91,1,0,1,0,0,1207308.07,False,False,False,False,True,True,False,False,184.7,6,1
4,3,206.7,0.0,15,1.85,1,0,1,0,0,1687876.26,False,False,False,False,False,False,False,False,206.7,7,0
3,3,182.2,303.6,0,5.56,0,0,0,1,1,1463721.29,False,True,False,False,False,False,False,True,182.2,6,0
2,2,143.9,0.0,19,5.34,0,0,0,1,1,449537.22,False,False,True,False,False,False,False,False,143.9,4,0
3,3,210.5,358.7,17,2.49,0,0,0,0,0,1227691.6,False,True,False,False,False,True,False,False,210.5,6,0
4,4,188.6,244.4,17,3.34,1,0,1,1,0,1867296.57,False,False,False,False,False,False,False,True,188.6,8,0
4,3,205.6,313.7,29,16.46,0,1,0,0,1,1127020.71,False,False,False,False,False,True,False,False,205.6,7,1
6,6,265.5,609.2,18,18.62,0,1,1,1,0,1390913.89,False,True,False,False,False,True,False,False,265.5,12,1
6,6,230.0,0.0,3,7.44,1,0,1,0,0,2244373.38,False,False,False,False,False,False,False,False,230.0,12,0
5,5,233.9,464.8,24,5.58,0,0,1,0,0,1947258.96,False,False,False,False,False,True,False,False,233.9,10,0
4,4,192.6,0.0,18,12.56,0,0,0,1,0,435230.49,False,False,False,True,False,False,False,False,192.6,8,0
2,2,138.5,188.2,28,3.88,0,0,0,0,1,563447.97,False,False,True,False,False,False,False,True,138.5,4,0
4,4,189.2,415.2,23,9.3,0,0,0,0,1,596325.94,True,False,False,False,False,False,False,True,189.2,8,0
3,2,189.0,0.0,18,5.67,0,0,0,1,0,835632.18,False,True,False,False,False,False,False,False,189.0,5,0
5,4,222.8,530.6,28,6.41,1,0,1,1,1,1313116.47,False,False,False,False,True,False,False,True,222.8,9,0
3,3,174.3,345.0,4,11.22,0,0,0,0,1,1110325.93,False,False,False,False,True,False,False,True,174.3,6,0
4,4,195.5,407.0,7,1.88,0,0,1,0,0,2411178.66,False,False,False,False,False,False,False,True,195.5,8,0
2,2,144.6,347.4,9,2.77,0,0,1,0,1,818493.22,True,False,False,False,False,True,False,False,144.6,4,0
5,5,207.2,0.0,1,1.29,1,0,0,0,1,726123.05,False,False,False,True,False,False,False,False,207.2,10,0
4,4,233.0,400.1,12,2.83,0,0,1,1,0,2603596.01,False,False,False,False,False,False,False,True,233.0,8,0
6,6,262.6,0.0,14,1.81,1,0,1,0,0,1213088.36,False,False,True,False,False,False,False,False,262.6,12,0
4,4,206.4,461.6,26,8.03,0,0,1,0,0,1492576.07,False,False,False,False,False,False,False,True,206.4,8,0
2,2,111.4,136.7,8,10.08,1,0,1,0,0,523414.36,True,False,False,False,False,False,False,True,111.4,4,0
4,4,204.4,0.0,1,11.1,1,0,0,0,0,1235384.14,False,False,False,False,False,False,False,False,204.4,8,0
3,3,152.1,246.2,3,4.22,0,0,0,0,1,1209276.69,False,False,False,False,True,False,False,True,152.1,6,0
5,5,222.8,0.0,18,3.34,0,0,0,0,1,625426.04,True,False,False,False,False,False,False,False,222.8,10,0
2,1,184.5,0.0,21,4.27,0,0,0,0,1,1317890.36,False,False,False,False,False,False,False,False,184.5,3,0
4,3,200.0,381.1,14,9.9,1,0,1,0,1,1104523.14,False,False,True,False,False,True,False,False,200.0,7,0
3,3,153.9,261.1,19,5.07,1,0,1,0,1,1858528.8,False,False,False,False,False,True,False,False,153.9,6,0
3,3,135.3,0.0,17,1.35,0,0,0,1,0,468399.73,True,False,False,False,False,False,False,False,135.3,6,0
2,2,107.7,0.0,13,8.06,1,0,0,1,0,308557.02,False,False,False,True,False,False,False,False,107.7,4,0
3,3,145.2,0.0,11,7.01,0,0,0,1,0,475244.23,False,True,False,False,False,False,False,False,145.2,6,0
5,4,250.5,0.0,20,23.44,1,0,0,0,0,756205.17,False,True,False,False,False,False,False,False,250.5,9,1
3,3,190.1,382.4,26,8.98,1,1,1,1,0,985398.19,False,True,False,False,False,False,False,True,190.1,6,0
4,4,203.1,0.0,26,17.6,0,0,0,1,0,449156.22,True,False,False,False,False,False,False,False,203.1,8,1
3,3,193.4,371.1,27,26.82,0,0,0,1,0,826286.78,False,False,False,False,True,True,False,False,193.4,6,1
3,2,107.3,188.2,0,17.07,1,0,1,0,0,1045519.63,False,False,False,False,False,True,False,False,107.3,5,1
3,3,188.7,444.7,24,7.33,0,0,1,0,1,746369.37,True,False,False,False,False,False,False,True,188.7,6,0
5,4,278.6,666.9,29,4.98,0,0,1,1,1,1714833.56,False,True,False,False,False,True,False,False,278.6,9,0
3,3,206.9,398.3,21,1.04,0,1,1,1,1,1499079.9,False,True,False,False,False,False,False,True,206.9,6,0
4,3,177.5,0.0,12,5.2,1,0,0,0,0,1368406.2,False,False,False,False,False,False,False,False,177.5,7,0
5,5,234.5,504.1,28,17.69,1,0,0,1,0,599379.73,False,False,True,False,False,False,True,False,234.5,10,1
2,1,137.5,329.7,18,6.23,0,1,0,1,1,984305.79,False,False,False,False,True,False,False,True,137.5,3,0
1,1,84.9,114.1,19,22.36,0,0,1,0,1,547789.93,False,False,False,False,False,True,False,False,84.9,2,1
4,4,221.9,502.6,24,1.9,0,0,1,1,0,1422333.67,False,False,False,False,True,False,False,True,221.9,8,0
4,4,218.6,427.8,9,11.48,1,0,0,0,0,846310.33,False,False,False,True,False,True,False,False,218.6,8,0
4,4,162.8,0.0,8,0.85,1,0,0,0,1,635102.58,True,False,False,False,False,False,False,False,162.8,8,0
4,3,203.6,414.9,14,14.89,0,0,0,1,1,943177.81,True,False,False,False,False,True,False,False,203.6,7,0
3,2,140.2,0.0,20,3.08,1,0,0,0,1,926342.96,False,False,False,False,False,False,False,False,140.2,5,0
4,4,216.3,373.1,24,17.64,1,0,0,1,0,1068521.7,False,True,False,False,False,True,False,False,216.3,8,1
3,3,197.0,0.0,13,3.86,1,0,0,0,0,1048389.44,False,False,False,False,True,False,False,False,197.0,6,0
2,1,136.1,0.0,2,3.97,0,0,1,1,0,681719.88,False,True,False,False,False,False,False,False,136.1,3,0
1,1,101.8,133.7,0,7.47,0,0,1,1,0,793744.91,False,False,False,False,True,False,False,True,101.8,2,0
2,2,146.1,0.0,22,21.21,1,0,0,0,0,410623.24,False,False,False,False,True,False,False,False,146.1,4,1
4,4,195.2,351.3,12,3.15,0,0,0,1,1,2112974.14,False,False,False,False,False,False,False,True,195.2,8,0
4,4,178.9,229.2,9,6.54,0,0,1,0,1,1194681.6,False,False,False,False,True,False,False,True,178.9,8,0
4,4,245.5,505.3,12,4.42,1,0,1,1,0,3797645.56,False,False,False,False,False,True,False,False,245.5,8,0
2,2,138.4,256.8,28,1.06,0,0,1,0,0,1196317.71,False,False,False,False,False,True,False,False,138.4,4,0
4,4,221.7,0.0,16,0.54,0,0,0,1,1,938881.53,False,True,False,False,False,False,False,False,221.7,8,0
4,4,220.7,313.6,8,8.49,0,0,0,0,1,1136513.46,True,False,False,False,False,True,False,False,220.7,8,0
2,2,102.7,199.4,9,1.43,0,0,1,1,0,638277.6,False,False,True,False,False,True,False,False,102.7,4,0
2,1,131.5,183.1,16,4.57,0,0,1,1,0,786954.61,False,False,False,False,True,False,True,False,131.5,3,0
3,2,201.2,476.0,14,1.3,0,0,0,1,0,2160361.82,False,False,False,False,False,True,False,False,201.2,5,0
3,2,162.6,231.5,23,4.84,1,1,1,0,1,1090810.48,False,False,False,False,True,False,False,True,162.6,5,0
3,3,190.2,0.0,7,17.4,0,0,0,0,1,1138214.01,False,False,False,False,False,False,False,False,190.2,6,1
1,1,83.5,110.3,24,8.86,1,1,0,0,1,933157.61,False,False,False,False,False,True,False,False,83.5,2,0
1,1,133.5,180.2,0,6.05,0,0,1,1,1,1897770.94,False,False,False,False,False,True,False,False,133.5,2,0
3,3,164.7,0.0,2,2.75,1,0,1,0,1,1232121.47,False,False,False,False,True,False,False,False,164.7,6,0
2,1,134.3,0.0,1,14.81,0,0,0,1,1,736560.78,False,False,False,False,True,False,False,False,134.3,3,0
2,2,163.5,251.6,26,15.91,0,0,1,0,1,698938.82,False,True,False,False,False,True,False,False,163.5,4,1
3,3,182.3,0.0,15,15.47,1,0,0,1,0,905224.11,False,False,False,False,True,False,False,False,182.3,6,1
3,3,207.2,271.3,17,9.09,0,0,0,1,1,2070121.8,False,False,False,False,False,True,False,False,207.2,6,0
4,4,240.2,581.2,11,2.05,0,0,0,0,1,1112469.47,False,False,True,False,False,True,False,False,240.2,8,0
3,3,206.8,0.0,6,18.57,0,0,1,1,1,805966.34,False,False,False,False,True,False,False,False,206.8,6,1
2,1,187.5,0.0,8,11.74,1,0,0,1,1,1082620.06,False,False,False,False,True,False,False,False,187.5,3,0
3,2,153.6,205.9,24,19.15,0,0,0,0,0,330452.35,True,False,False,False,False,False,False,True,153.6,5,1
3,2,162.0,196.1,7,18.04,0,0,1,0,1,1042233.48,False,False,False,False,False,False,False,True,162.0,5,1
2,2,127.9,278.6,14,3.91,0,0,0,0,1,774466.66,False,False,False,False,True,False,False,True,127.9,4,0
3,3,140.4,328.4,17,4.98,1,0,1,0,1,772413.5,False,True,False,False,False,False,True,False,140.4,6,0
6,6,252.6,446.8,6,5.2,1,0,1,0,0,3052813.62,False,False,False,False,False,False,False,True,252.6,12,0
5,4,245.9,305.4,1,6.96,1,1,1,0,0,1356906.52,False,False,True,False,False,False,False,True,245.9,9,0
2,2,113.3,0.0,7,21.53,0,0,0,0,0,246728.3,True,False,False,False,False,False,False,False,113.3,4,1
3,2,161.8,309.3,11,38.32,0,0,1,1,0,1080549.07,False,False,False,False,False,False,False,True,161.8,5,1
3,3,194.4,0.0,19,7.49,1,0,1,0,0,613884.23,True,False,False,False,False,False,False,False,194.4,6,0
2,1,109.0,238.3,27,0.77,0,0,1,0,0,518341.64,False,True,False,False,False,False,False,True,109.0,3,0
2,2,136.3,290.9,22,22.19,0,0,1,1,0,421593.2,False,False,True,False,False,False,True,False,136.3,4,1
4,4,202.3,444.5,17,4.06,0,0,1,0,0,931505.88,False,True,False,False,False,False,True,False,202.3,8,0
6,6,303.2,505.5,9,22.9,0,0,1,0,0,1074603.64,True,False,False,False,False,False,False,True,303.2,12,1
4,4,248.4,0.0,12,11.47,1,0,1,0,1,1328011.17,False,False,False,False,False,False,False,False,248.4,8,0
3,3,200.0,0.0,6,4.69,0,0,0,1,1,606805.96,False,False,False,True,False,False,False,False,200.0,6,0
2,1,163.4,0.0,15,5.28,1,0,0,0,0,1221218.14,False,False,False,False,False,False,False,False,163.4,3,0
4,3,232.0,435.1,13,28.1,0,1,0,0,1,1415439.79,False,False,False,False,True,True,False,False,232.0,7,1
3,3,165.0,236.6,3,9.81,0,1,1,0,1,1419027.14,False,False,False,False,True,False,False,True,165.0,6,0
1,1,53.7,0.0,12,0.96,1,0,0,1,0,231232.4,True,False,False,False,False,False,False,False,53.7,2,0
3,3,203.2,0.0,0,0.82,1,0,0,1,0,1234519.72,False,True,False,False,False,False,False,False,203.2,6,0
2,2,142.4,0.0,0,5.0,1,0,1,0,1,511340.95,False,False,False,True,False,False,False,False,142.4,4,0
5,5,237.1,380.5,26,2.4,1,0,0,0,0,919962.39,False,False,False,True,False,True,False,False,237.1,10,0
2,1,127.1,0.0,13,1.34,1,0,0,0,0,582152.33,False,False,True,False,False,False,False,False,127.1,3,0
2,2,150.4,334.1,4,9.62,1,0,0,0,1,1556882.21,False,False,False,False,False,True,False,False,150.4,4,0
3,2,156.0,0.0,9,7.34,0,0,1,0,0,1227500.17,False,False,False,False,False,False,False,False,156.0,5,0
2,1,138.7,182.1,7,0.72,1,0,1,1,0,2304547.22,False,False,False,False,False,True,False,False,138.7,3,0
3,3,150.5,0.0,2,43.77,0,0,0,0,0,745553.98,False,False,False,False,False,False,False,False,150.5,6,1
2,1,113.2,173.0,19,41.02,0,0,0,0,1,629169.43,False,False,False,False,False,False,False,True,113.2,3,1
5,5,247.4,422.0,13,3.38,0,0,0,1,0,953651.41,False,False,False,True,False,True,False,False,247.4,10,0
3,2,171.3,417.2,29,4.43,1,1,0,0,1,920626.04,False,True,False,False,False,False,False,True,171.3,5,0
5,5,246.8,0.0,8,40.09,0,0,0,1,1,1343545.15,False,False,False,False,False,False,False,False,246.8,10,1
2,2,120.7,211.8,4,10.1,0,0,0,0,1,642690.51,False,True,False,False,False,False,False,True,120.7,4,0
3,2,112.7,0.0,10,11.69,1,0,1,0,0,313043.58,False,False,False,True,False,False,False,False,112.7,5,0
5,5,262.8,0.0,12,8.74,1,0,0,0,1,899465.26,False,True,False,False,False,False,False,False,262.8,10,0
6,6,332.4,443.6,4,10.44,0,0,0,0,0,3061718.98,False,False,False,False,False,True,False,False,332.4,12,0
4,3,174.9,297.7,8,2.85,1,0,1,0,0,2010931.01,False,False,False,False,False,True,False,False,174.9,7,0
5,5,268.6,0.0,2,6.45,1,0,0,0,1,870122.37,False,False,False,True,False,False,False,False,268.6,10,0
3,2,144.7,0.0,20,0.82,0,0,1,0,0,1184528.01,False,False,False,False,False,False,False,False,144.7,5,0
6,5,293.9,0.0,24,3.19,1,0,1,0,1,823452.55,True,False,False,False,False,False,False,False,293.9,11,0
4,4,207.2,299.7,15,49.09,1,1,1,1,1,1091745.21,False,True,False,False,False,True,False,False,207.2,8,1
4,4,223.9,540.3,7,7.53,0,0,1,1,1,2105678.21,False,False,False,False,False,True,False,False,223.9,8,0
3,2,192.9,330.5,14,3.73,0,0,0,1,0,2047837.19,False,False,False,False,False,False,False,True,192.9,5,0
3,3,159.2,212.3,2,0.75,0,0,0,0,0,1423272.63,False,False,False,False,False,False,True,False,159.2,6,0
2,2,140.2,217.2,17,5.84,1,1,0,0,1,1784239.54,False,False,False,False,False,True,False,False,140.2,4,0
5,5,226.3,332.9,13,7.37,1,0,1,0,0,921111.07,False,False,False,True,False,False,False,True,226.3,10,0
3,3,171.6,341.1,9,4.84,1,1,0,0,1,1469141.47,False,False,False,False,True,True,False,False,171.6,6,0
3,3,158.6,229.5,14,22.24,0,0,1,1,0,1148345.44,False,False,False,False,False,True,False,False,158.6,6,1
2,2,106.0,217.6,23,33.93,1,1,1,0,1,948216.23,False,False,False,False,False,True,False,False,106.0,4,1
3,2,180.7,259.1,1,7.98,0,0,1,0,0,602728.21,True,False,False,False,False,False,True,False,180.7,5,0
3,2,152.1,325.7,12,3.15,0,0,1,0,0,1124383.05,False,True,False,False,False,True,False,False,152.1,5,0
4,4,217.9,469.7,3,1.86,0,0,0,0,1,1108261.08,False,False,False,True,False,True,False,False,217.9,8,0
3,3,173.5,0.0,5,0.76,1,0,0,1,0,1481128.87,False,False,False,False,False,False,False,False,173.5,6,0
4,4,178.1,220.3,16,3.19,0,0,0,0,0,1282280.39,False,False,False,False,True,False,False,True,178.1,8,0
5,4,208.1,0.0,8,6.23,1,0,0,0,0,1662004.38,False,False,False,False,False,False,False,False,208.1,9,0
5,5,257.9,588.7,18,14.79,1,0,1,1,0,2182987.91,False,False,False,False,False,True,False,False,257.9,10,0
3,2,163.3,306.6,20,1.14,0,0,0,1,0,1063839.23,False,False,False,False,True,False,False,True,163.3,5,0
3,2,197.7,345.1,16,5.98,0,0,0,1,1,1257112.37,False,False,False,False,True,True,False,False,197.7,5,0
2,2,149.2,225.0,13,8.73,0,1,1,0,0,1557830.96,False,False,False,False,False,True,False,False,149.2,4,0
5,5,233.1,0.0,28,6.9,0,0,1,1,1,455586.76,False,False,False,True,False,False,False,False,233.1,10,0
4,3,184.3,359.1,26,3.53,0,0,1,0,1,888653.84,True,False,False,False,False,True,False,False,184.3,7,0
2,1,132.0,174.8,3,0.83,1,0,1,0,1,933903.08,True,False,False,False,False,True,False,False,132.0,3,0
4,3,215.4,300.9,12,1.3,0,1,1,1,0,1497706.02,False,True,False,False,False,False,False,True,215.4,7,0
3,3,173.0,380.9,11,4.05,0,0,0,0,1,1573643.17,False,False,False,False,False,False,False,True,173.0,6,0
4,3,195.2,409.2,29,4.01,1,0,1,0,0,1496426.34,False,False,False,False,True,False,False,True,195.2,7,0
2,2,187.3,0.0,17,10.26,0,0,0,0,0,659452.24,False,True,False,False,False,False,False,False,187.3,4,0
2,2,123.9,185.1,4,7.14,0,0,0,1,1,804888.98,False,True,False,False,False,True,False,False,123.9,4,0
3,2,172.0,0.0,6,35.18,1,0,0,0,0,483457.51,False,False,True,False,False,False,False,False,172.0,5,1
2,2,120.3,0.0,5,12.81,0,0,0,0,1,675380.11,False,False,False,False,False,False,False,False,120.3,4,0
4,3,231.3,494.2,3,2.15,0,0,0,0,0,2548198.7,False,False,False,False,False,False,True,False,231.3,7,0
3,2,194.8,0.0,25,0.83,1,0,0,0,1,781514.94,False,True,False,False,False,False,False,False,194.8,5,0
4,3,224.0,0.0,4,10.31,1,0,0,1,1,1807262.2,False,False,False,False,False,False,False,False,224.0,7,0
3,3,178.3,283.1,14,3.83,1,1,1,0,1,1169136.06,True,False,False,False,False,True,False,False,178.3,6,0
3,3,165.1,223.2,7,0.76,1,0,0,0,0,1065189.77,False,False,True,False,False,False,False,True,165.1,6,0
1,1,135.7,240.0,11,1.43,1,0,0,0,0,953590.27,False,False,True,False,False,True,False,False,135.7,2,0
3,3,173.5,350.9,22,12.24,1,0,1,0,1,570589.62,True,False,False,False,False,True,False,False,173.5,6,0
5,4,278.3,0.0,10,9.02,0,0,0,0,0,709245.36,True,False,False,False,False,False,False,False,278.3,9,0
3,2,252.6,0.0,13,1.74,0,0,0,0,1,807489.66,True,False,False,False,False,False,False,False,252.6,5,0
4,3,196.0,452.5,17,34.33,0,0,1,0,0,731852.56,False,True,False,False,False,True,False,False,196.0,7,1
2,1,153.1,365.9,14,1.7,0,0,1,0,0,436938.72,True,False,False,False,False,False,True,False,153.1,3,0
6,5,265.9,401.8,20,16.82,1,0,0,1,0,2205029.28,False,False,False,False,False,True,False,False,265.9,11,1
3,3,185.1,234.0,2,3.15,1,1,1,0,1,1631797.04,False,False,True,False,False,True,False,False,185.1,6,0
2,2,164.9,245.3,10,5.6,1,0,1,1,1,1808777.95,False,False,False,False,False,False,False,True,164.9,4,0
3,3,201.9,361.0,19,5.14,0,0,1,1,1,1961896.18,False,False,False,False,False,True,False,False,201.9,6,0
3,2,142.7,259.0,5,3.77,0,0,1,0,1,1910688.02,False,False,False,False,False,True,False,False,142.7,5,0
4,3,168.9,323.8,22,9.12,0,0,1,0,0,643574.28,True,False,False,False,False,False,True,False,168.9,7,0
2,1,146.5,254.2,13,12.11,1,0,0,0,0,672743.81,True,False,False,False,False,True,False,False,146.5,3,0
2,2,134.1,0.0,6,4.84,1,0,0,1,0,1127571.34,False,False,False,False,False,False,False,False,134.1,4,0
4,3,215.7,0.0,2,9.08,0,0,0,0,0,1318767.16,False,False,False,False,True,False,False,False,215.7,7,0
5,5,229.5,0.0,15,2.1,1,0,0,0,0,1380385.73,False,False,False,False,False,False,False,False,229.5,10,0
2,2,159.9,333.2,12,18.07,0,0,0,0,1,549618.69,False,True,False,False,False,False,False,True,159.9,4,1
4,4,231.2,332.9,6,16.44,0,0,1,0,0,2125960.14,False,False,False,False,False,False,False,True,231.2,8,1
6,5,336.2,584.4,4,2.47,0,0,1,0,1,2282017.44,False,True,False,False,False,False,False,True,336.2,11,0
2,1,150.8,245.6,12,5.89,0,0,0,1,1,1302175.73,False,False,False,False,True,True,False,False,150.8,3,0
2,1,141.9,314.2,0,16.98,0,0,1,0,1,1130232.35,False,False,False,False,False,False,False,True,141.9,3,1
4,3,237.4,0.0,18,4.48,1,0,1,1,0,1730092.71,False,False,False,False,False,False,False,False,237.4,7,0
5,5,291.3,0.0,8,7.32,1,0,0,0,0,2610725.95,False,False,False,False,False,False,False,False,291.3,10,0
3,3,128.6,0.0,1,35.94,0,0,0,1,1,697112.24,False,False,False,False,False,False,False,False,128.6,6,1
3,3,137.7,290.2,24,6.38,1,0,1,1,0,729306.31,False,True,False,False,False,False,True,False,137.7,6,0
3,3,166.3,392.1,12,9.03,1,0,1,1,1,2180079.51,False,False,False,False,False,True,False,False,166.3,6,0
3,3,202.1,321.7,3,12.32,0,0,1,0,1,712530.27,False,False,False,True,False,False,False,True,202.1,6,0
3,2,160.3,0.0,15,10.47,0,0,0,0,1,321184.46,True,False,False,False,False,False,False,False,160.3,5,0
6,5,311.1,752.1,12,18.59,1,1,1,0,1,2102524.88,False,True,False,False,False,True,False,False,311.1,11,1
2,1,86.9,175.4,22,2.17,0,0,1,0,1,440288.08,False,False,True,False,False,True,False,False,86.9,3,0
4,3,172.8,0.0,0,3.24,1,0,0,1,0,1724878.39,False,False,False,False,False,False,False,False,172.8,7,0
2,2,93.3,156.0,18,2.48,0,0,1,1,1,482262.46,False,True,False,False,False,True,False,False,93.3,4,0
3,2,184.8,330.1,20,13.8,0,0,1,0,1,1440576.47,False,False,False,False,False,True,False,False,184.8,5,0
2,2,150.7,0.0,1,9.7,1,0,0,0,1,1010236.87,False,False,False,False,False,False,False,False,150.7,4,0
4,4,210.1,428.6,4,9.7,1,0,0,0,0,2330522.32,False,False,False,False,False,False,False,True,210.1,8,0
1,1,80.1,139.9,7,6.48,0,0,1,0,1,590760.73,False,False,False,False,True,False,False,True,80.1,2,0
4,4,177.9,0.0,3,5.53,0,0,1,0,0,753311.82,False,True,False,False,False,False,False,False,177.9,8,0
4,4,179.4,217.0,5,4.51,0,0,0,0,1,606040.56,False,False,False,True,False,False,True,False,179.4,8,0
3,3,150.1,0.0,25,6.78,1,0,0,0,0,897438.66,False,False,False,False,False,False,False,False,150.1,6,0
4,4,220.3,0.0,4,1.04,0,0,0,0,0,991297.21,False,False,True,False,False,False,False,False,220.3,8,0
3,3,169.6,0.0,21,1.09,1,0,1,1,0,1449127.36,False,False,False,False,False,False,False,False,169.6,6,0
2,2,117.6,293.7,16,6.23,1,0,1,0,0,681717.95,False,False,True,False,False,True,False,False,117.6,4,0
5,5,251.3,521.6,17,6.1,1,1,0,0,1,2135228.49,False,False,False,False,True,True,False,False,251.3,10,0
3,2,175.0,0.0,28,10.94,0,0,1,1,1,566089.69,False,True,False,False,False,False,False,False,175.0,5,0
3,3,200.1,0.0,3,11.94,0,0,1,1,1,1255357.89,False,True,False,False,False,False,False,False,200.1,6,0
3,3,210.7,431.2,2,0.86,1,0,0,0,1,1006159.94,True,False,False,False,False,False,True,False,210.7,6,0
3,2,133.9,277.4,0,2.32,0,0,0,1,0,1384355.96,False,False,False,False,False,False,True,False,133.9,5,0
3,2,190.0,295.2,28,2.1,1,0,1,0,0,662238.43,True,False,False,False,False,False,False,True,190.0,5,0
5,5,274.2,0.0,9,8.01,1,0,0,0,1,1752705.82,False,False,False,False,True,False,False,False,274.2,10,0
1,1,138.9,272.0,6,5.56,1,0,1,1,1,1300095.64,False,True,False,False,False,True,False,False,138.9,2,0
2,2,167.3,233.6,25,0.64,0,0,0,0,1,1326991.14,False,False,False,False,False,False,False,True,167.3,4,0
2,1,131.7,317.6,13,3.11,0,1,0,1,1,1634898.97,False,False,False,False,False,True,False,False,131.7,3,0
5,5,218.9,389.9,14,3.86,0,0,1,0,1,1112845.54,True,False,False,False,False,True,False,False,218.9,10,0
3,2,174.2,0.0,6,4.59,0,0,1,0,1,798960.61,False,True,False,False,False,False,False,False,174.2,5,0
3,3,174.3,315.5,1,2.45,1,0,1,0,1,2299305.48,False,False,False,False,False,True,False,False,174.3,6,0
3,2,159.7,0.0,1,24.61,0,0,1,1,0,570574.63,False,False,False,False,True,False,False,False,159.7,5,1
3,2,149.8,241.4,13,14.19,1,0,1,1,0,650963.5,True,False,False,False,False,False,True,False,149.8,5,0
4,3,229.7,560.6,25,11.37,0,0,1,0,0,1108856.18,False,False,False,False,True,False,True,False,229.7,7,0
3,2,154.8,281.5,18,0.89,0,0,1,0,0,585998.62,False,False,False,True,False,True,False,False,154.8,5,0
6,5,249.9,0.0,14,7.12,1,0,0,0,1,870958.09,False,False,True,False,False,False,False,False,249.9,11,0
2,2,159.1,0.0,2,31.46,0,0,0,0,0,812491.45,False,False,False,False,False,False,False,False,159.1,4,1
5,5,298.3,560.3,6,4.69,0,0,1,1,0,2123515.32,False,True,False,False,False,False,False,True,298.3,10,0
5,5,235.8,0.0,13,6.7,1,0,0,0,0,1101939.01,False,True,False,False,False,False,False,False,235.8,10,0
6,5,269.8,615.0,18,4.9,0,0,1,0,1,884609.55,True,False,False,False,False,False,True,False,269.8,11,0
6,5,314.6,750.6,14,1.86,0,0,1,0,1,1026668.19,False,False,False,True,False,False,True,False,314.6,11,0
3,3,192.5,0.0,1,9.39,0,0,1,0,0,1636621.47,False,False,False,False,False,False,False,False,192.5,6,0
4,3,188.0,243.6,10,2.63,0,0,1,0,1,1259193.42,False,True,False,False,False,True,False,False,188.0,7,0
3,2,183.2,442.7,28,20.74,0,0,1,1,1,722817.24,False,True,False,False,False,True,False,False,183.2,5,1
3,2,201.9,327.8,19,9.91,0,0,1,0,1,879673.01,False,False,True,False,False,False,True,False,201.9,5,0
6,5,284.3,469.9,25,15.7,0,1,1,0,0,1799331.47,False,False,False,False,False,True,False,False,284.3,11,1
1,1,117.4,260.4,3,4.19,0,1,1,0,1,1663534.89,False,False,False,False,False,False,False,True,117.4,2,0
3,2,125.1,0.0,8,0.77,0,0,0,0,1,945319.98,False,False,False,False,False,False,False,False,125.1,5,0
1,1,96.0,0.0,7,29.75,1,0,0,0,1,334432.62,False,True,False,False,False,False,False,False,96.0,2,1
6,6,293.8,548.4,14,17.95,0,0,0,1,0,1908795.85,False,False,False,False,False,True,False,False,293.8,12,1
1,1,116.6,242.9,14,15.02,1,0,1,1,0,455459.44,True,False,False,False,False,True,False,False,116.6,2,1
5,4,266.6,607.3,28,2.82,0,1,0,1,0,1750889.99,False,False,False,False,True,False,False,True,266.6,9,0
3,3,178.4,372.9,22,1.49,0,0,1,1,0,929726.24,False,False,True,False,False,False,True,False,178.4,6,0
2,2,118.2,149.6,14,3.44,1,0,0,0,0,683382.85,False,True,False,False,False,False,False,True,118.2,4,0
4,4,218.4,0.0,1,1.93,0,0,0,1,0,1175042.66,False,True,False,False,False,False,False,False,218.4,8,0
2,1,99.8,190.2,18,10.15,0,1,0,0,1,699565.21,False,False,False,False,False,False,False,True,99.8,3,0
3,3,125.3,0.0,23,2.67,1,0,0,0,0,452104.53,False,True,False,False,False,False,False,False,125.3,6,0
4,4,220.2,0.0,22,19.69,1,0,1,1,0,479000.06,True,False,False,False,False,False,False,False,220.2,8,1
4,4,215.5,406.1,16,1.19,1,0,1,1,0,1474143.61,False,False,False,False,True,False,True,False,215.5,8,0
4,3,230.8,0.0,8,3.71,0,0,1,0,1,1475141.07,False,False,False,False,True,False,False,False,230.8,7,0
4,4,194.8,391.0,12,16.02,1,0,0,1,1,917870.63,False,True,False,False,False,False,False,True,194.8,8,1
3,3,160.3,354.5,24,8.67,0,0,1,0,1,512243.96,True,False,False,False,False,False,False,True,160.3,6,0
4,3,193.6,331.0,14,6.5,0,0,0,1,1,1669004.1,False,False,False,False,False,False,True,False,193.6,7,0
5,5,256.8,0.0,21,3.21,1,0,0,0,1,2255949.95,False,False,False,False,False,False,False,False,256.8,10,0
4,3,193.5,331.4,0,1.36,0,0,0,1,1,1179147.08,False,True,False,False,False,False,True,False,193.5,7,0
5,5,261.3,386.1,21,7.66,0,0,0,1,1,793615.01,True,False,False,False,False,False,True,False,261.3,10,0
5,5,252.8,0.0,11,5.48,1,0,1,1,1,1215456.08,False,False,True,False,False,False,False,False,252.8,10,0
3,3,151.8,0.0,23,1.13,0,0,0,0,0,516877.38,False,True,False,False,False,False,False,False,151.8,6,0
3,3,189.9,389.9,25,3.84,1,0,1,0,0,1468470.92,False,False,False,False,False,True,False,False,189.9,6,0
4,4,250.9,389.1,8,48.01,1,0,1,0,0,1105550.14,False,False,True,False,False,True,False,False,250.9,8,1
5,5,242.8,0.0,12,8.01,1,0,1,0,0,1252444.57,False,True,False,False,False,False,False,False,242.8,10,0
4,4,211.4,280.1,9,4.65,1,0,0,1,0,1170416.96,False,True,False,False,False,False,True,False,211.4,8,0
3,2,141.3,243.3,0,2.66,1,0,1,0,0,1351607.77,False,True,False,False,False,True,False,False,141.3,5,0
3,3,174.4,0.0,17,5.24,1,0,0,0,1,406151.86,False,False,False,True,False,False,False,False,174.4,6,0
3,3,184.6,311.3,6,3.41,1,0,1,0,1,1492212.09,False,True,False,False,False,False,True,False,184.6,6,0
4,3,202.5,0.0,2,6.88,1,0,0,1,0,1666778.51,False,False,False,False,False,False,False,False,202.5,7,0
2,2,140.0,295.0,23,4.71,0,0,1,0,0,920441.87,False,False,False,False,True,True,False,False,140.0,4,0
2,1,173.4,298.6,29,2.62,1,0,1,0,1,1159042.74,False,False,False,False,True,True,False,False,173.4,3,0
3,3,143.0,0.0,9,6.15,0,0,0,1,0,634836.5,False,False,False,False,True,False,False,False,143.0,6,0
4,3,201.3,445.4,20,15.0,0,0,0,0,1,1174385.16,False,True,False,False,False,True,False,False,201.3,7,0
2,1,124.9,294.1,22,1.41,0,0,1,0,0,898173.12,False,False,False,False,True,False,True,False,124.9,3,0
4,4,192.6,255.3,0,10.62,1,0,0,0,1,1909658.51,False,False,False,False,False,True,False,False,192.6,8,0
2,1,123.0,262.9,8,2.81,0,0,1,1,0,676316.19,False,False,False,True,False,True,False,False,123.0,3,0
2,2,161.9,222.0,4,8.87,1,0,0,1,0,1649454.34,False,False,False,False,False,False,False,True,161.9,4,0
2,2,179.6,295.9,15,10.55,0,0,1,1,1,1108892.32,False,False,False,False,True,False,True,False,179.6,4,0
2,1,148.8,0.0,4,13.95,1,0,0,1,0,1254566.98,False,False,False,False,False,False,False,False,148.8,3,0
3,3,191.8,387.9,16,5.97,1,1,1,1,0,2213178.85,False,False,False,False,False,False,False,True,191.8,6,0
3,2,161.5,0.0,25,7.0,0,0,0,0,0,541794.73,False,True,False,False,False,False,False,False,161.5,5,0
3,2,186.6,0.0,18,34.28,1,0,0,0,0,753503.92,False,False,False,False,False,False,False,False,186.6,5,1
5,5,241.1,493.4,26,14.69,0,0,1,1,0,774600.97,False,False,True,False,False,False,True,False,241.1,10,0
4,4,184.7,305.4,12,9.81,0,0,1,0,1,1076380.29,False,False,False,False,True,False,False,True,184.7,8,0
3,3,192.6,241.4,8,1.69,1,0,1,0,0,1190509.09,True,False,False,False,False,True,False,False,192.6,6,0
2,2,138.8,171.8,3,1.39,1,0,0,0,1,2036024.29,False,False,False,False,False,True,False,False,138.8,4,0
5,5,238.5,558.7,24,16.31,0,0,0,0,1,825571.47,False,False,True,False,False,False,False,True,238.5,10,1
1,1,91.6,214.4,15,9.82,0,0,0,0,0,728262.06,False,False,False,False,False,True,False,False,91.6,2,0
5,5,238.9,374.0,27,1.81,1,0,1,0,1,1821773.59,False,False,False,False,False,False,True,False,238.9,10,0
4,4,231.6,386.7,22,2.96,0,0,0,0,0,1753424.57,False,False,False,False,False,True,False,False,231.6,8,0
5,5,233.3,466.4,16,9.07,1,1,1,0,0,2529714.34,False,False,False,False,False,True,False,False,233.3,10,0
4,4,171.8,0.0,17,14.34,1,0,0,1,1,468260.32,False,False,False,True,False,False,False,False,171.8,8,0
6,5,298.6,564.2,20,2.23,0,0,0,1,1,1133859.8,True,False,False,False,False,False,False,True,298.6,11,0
3,3,190.8,0.0,13,40.63,1,0,0,1,0,640297.47,False,False,False,False,True,False,False,False,190.8,6,1
3,2,153.7,359.4,21,26.26,0,0,1,1,1,597343.5,False,True,False,False,False,False,False,True,153.7,5,1
3,3,180.1,0.0,3,16.41,0,0,0,1,0,352045.26,False,False,False,True,False,False,False,False,180.1,6,1
4,4,243.6,558.7,18,0.69,0,1,0,1,0,2053795.01,False,False,False,False,True,False,False,True,243.6,8,0
3,3,190.0,291.4,11,1.02,0,0,1,1,1,867486.4,True,False,False,False,False,False,True,False,190.0,6,0
3,3,135.4,0.0,13,18.22,1,0,0,0,0,347030.27,True,False,False,False,False,False,False,False,135.4,6,1
6,5,283.1,460.1,26,31.72,0,0,1,1,1,1025142.51,False,False,True,False,False,True,False,False,283.1,11,1
1,1,96.7,216.5,26,10.81,1,0,0,1,0,619201.15,False,False,False,False,False,True,False,False,96.7,2,0
5,5,247.9,0.0,24,9.6,0,0,0,0,1,788208.78,False,True,False,False,False,False,False,False,247.9,10,0
5,5,249.0,0.0,23,29.68,0,0,0,1,0,411170.34,True,False,False,False,False,False,False,False,249.0,10,1
6,6,261.9,318.4,5,15.66,1,0,1,1,0,2107016.9,False,False,False,False,False,True,False,False,261.9,12,1
4,4,195.3,344.2,9,2.26,0,0,1,1,0,1787789.04,False,False,False,False,False,False,True,False,195.3,8,0
3,2,224.3,283.9,20,2.99,0,0,1,1,1,1164948.04,False,True,False,False,False,False,False,True,224.3,5,0
2,2,148.7,0.0,20,3.49,1,0,0,1,1,447357.83,False,False,False,True,False,False,False,False,148.7,4,0
4,3,255.4,325.2,0,3.93,1,0,1,0,0,2805212.3,False,False,False,False,False,False,True,False,255.4,7,0
4,4,196.9,0.0,8,27.97,0,0,0,0,0,528368.71,False,False,False,False,True,False,False,False,196.9,8,1
4,3,219.2,0.0,5,7.34,0,0,0,0,1,1250515.63,False,False,False,False,True,False,False,False,219.2,7,0
5,4,247.5,404.3,19,10.53,1,0,1,0,1,2521190.55,False,False,False,False,False,True,False,False,247.5,9,0
3,3,118.6,202.4,16,15.83,0,0,0,0,1,676996.7,False,True,False,False,False,True,False,False,118.6,6,1
1,1,133.2,214.3,22,12.86,1,0,0,1,1,661226.52,False,True,False,False,False,True,False,False,133.2,2,0
3,3,181.9,366.9,5,11.35,0,0,1,0,1,1471381.88,False,False,False,False,True,True,False,False,181.9,6,0
4,4,239.4,591.9,10,0.79,0,0,0,1,1,1295998.73,True,False,False,False,False,False,False,True,239.4,8,0
2,1,193.9,0.0,18,10.17,0,0,0,0,1,1109256.32,False,False,False,False,False,False,False,False,193.9,3,0
4,4,220.0,0.0,29,3.5,0,0,0,0,0,1194445.81,False,False,False,False,False,False,False,False,220.0,8,0
6,5,264.7,0.0,7,19.41,0,0,0,0,1,765237.67,False,True,False,False,False,False,False,False,264.7,11,1
4,3,215.2,0.0,21,3.38,1,0,1,0,0,600228.74,False,False,False,True,False,False,False,False,215.2,7,0
3,3,174.4,379.3,19,7.11,0,0,1,0,1,1704972.76,False,False,False,False,False,True,False,False,174.4,6,0
2,2,164.6,274.7,16,0.77,0,0,1,1,0,841706.11,False,True,False,False,False,False,True,False,164.6,4,0
2,2,112.8,0.0,0,4.86,0,0,0,0,0,325724.93,True,False,False,False,False,False,False,False,112.8,4,0
2,2,183.5,428.6,1,6.95,0,0,0,1,1,1446674.51,False,True,False,False,False,False,True,False,183.5,4,0
3,3,187.2,324.5,21,10.16,0,0,0,1,1,1382012.66,False,False,False,False,False,False,False,True,187.2,6,0
3,3,154.5,0.0,17,12.56,1,0,0,1,1,538799.52,False,True,False,False,False,False,False,False,154.5,6,0
4,4,230.5,0.0,3,9.7,0,0,0,0,1,788407.59,False,False,True,False,False,False,False,False,230.5,8,0
4,4,235.7,496.0,6,21.26,0,0,0,0,1,1363151.67,False,False,False,False,False,False,False,True,235.7,8,1
2,2,128.6,0.0,10,15.5,0,0,0,1,0,650472.29,False,False,False,False,False,False,False,False,128.6,4,1
4,4,203.0,464.6,4,4.33,0,1,1,0,1,1056721.96,False,False,False,True,False,True,False,False,203.0,8,0
3,3,159.5,194.8,22,1.19,0,0,1,0,1,826446.68,False,False,True,False,False,False,False,True,159.5,6,0
3,2,175.3,435.2,26,1.12,1,1,0,0,1,2057661.66,False,False,False,False,False,True,False,False,175.3,5,0
2,2,127.8,286.5,20,4.96,0,0,1,0,0,668424.69,False,False,False,False,True,True,False,False,127.8,4,0
3,2,202.1,386.2,14,7.47,0,0,0,0,0,1642272.06,False,False,False,False,False,False,False,True,202.1,5,0
6,6,297.0,712.0,25,11.6,1,0,0,0,1,2497410.29,False,False,False,False,False,True,False,False,297.0,12,0
4,3,208.9,0.0,24,3.67,1,0,0,0,1,993071.66,False,False,False,False,True,False,False,False,208.9,7,0
3,3,184.8,0.0,6,23.97,0,0,0,0,1,481788.79,False,True,False,False,False,False,False,False,184.8,6,1
4,3,233.2,0.0,13,11.21,1,0,0,0,1,1188924.36,False,False,False,False,True,False,False,False,233.2,7,0
2,2,128.1,274.4,6,0.89,0,0,1,0,1,635138.31,False,False,True,False,False,False,True,False,128.1,4,0
4,4,176.6,0.0,28,32.8,1,0,0,1,0,293448.07,False,False,True,False,False,False,False,False,176.6,8,1
3,3,163.5,241.8,24,7.87,1,0,1,0,1,436215.61,False,False,False,True,False,False,False,True,163.5,6,0
3,3,161.3,0.0,25,9.46,0,0,1,0,0,741487.25,False,False,False,False,False,False,False,False,161.3,6,0
2,1,129.5,231.2,1,7.95,0,0,0,0,1,1570367.88,False,False,False,False,False,True,False,False,129.5,3,0
4,3,229.7,0.0,9,8.24,1,0,1,0,0,1653577.49,False,False,False,False,False,False,False,False,229.7,7,0
5,5,307.4,615.1,6,7.16,0,0,0,1,0,2981255.56,False,False,False,False,False,False,False,True,307.4,10,0
2,2,159.8,341.0,21,9.62,1,0,1,0,1,748848.74,True,False,False,False,False,True,False,False,159.8,4,0
4,4,214.9,533.0,6,17.8,0,0,0,0,1,1032863.66,False,True,False,False,False,False,True,False,214.9,8,1
4,4,195.4,433.2,21,1.8,0,1,0,0,0,1313220.66,False,True,False,False,False,True,False,False,195.4,8,0
2,1,119.9,235.1,15,5.75,1,0,1,1,1,1049762.62,False,True,False,False,False,True,False,False,119.9,3,0
2,2,93.7,0.0,17,2.62,1,0,1,0,1,254645.32,False,False,False,True,False,False,False,False,93.7,4,0
3,3,190.1,307.3,21,16.18,1,0,1,1,1,950341.05,False,True,False,False,False,False,False,True,190.1,6,1
4,3,213.3,489.5,11,17.12,1,0,1,0,0,775974.57,False,True,False,False,False,False,True,False,213.3,7,1
2,2,135.7,294.9,23,2.06,0,0,0,0,0,828857.26,False,False,True,False,False,True,False,False,135.7,4,0
5,4,277.8,531.6,14,1.62,0,0,1,0,0,1845820.4,False,False,True,False,False,True,False,False,277.8,9,0
3,3,146.7,0.0,21,17.34,1,0,0,0,1,428160.25,False,False,True,False,False,False,False,False,146.7,6,1
2,2,142.3,0.0,10,1.05,1,0,0,0,1,743579.38,False,False,True,False,False,False,False,False,142.3,4,0
3,2,206.9,0.0,28,4.23,1,0,0,0,0,1225348.61,False,False,False,False,False,False,False,False,206.9,5,0
2,2,132.3,246.6,20,1.15,0,0,0,1,0,711759.21,False,True,False,False,False,False,False,True,132.3,4,0
5,5,224.3,328.2,8,15.97,1,1,1,1,1,1093266.92,True,False,False,False,False,False,False,True,224.3,10,1
4,4,230.5,281.7,23,9.98,1,0,1,0,1,1384621.89,False,False,False,False,True,False,False,True,230.5,8,0
3,2,173.6,0.0,16,6.2,1,0,0,0,0,1228338.46,False,False,False,False,False,False,False,False,173.6,5,0
4,4,201.2,416.4,11,35.7,1,0,1,0,0,1267943.9,False,False,False,False,False,True,False,False,201.2,8,1
6,6,291.0,585.0,16,10.24,1,0,0,1,1,2140332.76,False,False,False,False,True,False,False,True,291.0,12,0
3,3,161.0,0.0,20,14.25,1,0,0,1,0,903983.52,False,False,False,False,False,False,False,False,161.0,6,0
2,1,122.6,0.0,2,9.17,0,0,1,1,0,622881.21,False,True,False,False,False,False,False,False,122.6,3,0
3,3,187.7,0.0,16,3.17,1,0,0,0,0,579533.43,False,False,False,True,False,False,False,False,187.7,6,0
4,4,208.7,507.6,9,2.15,0,1,1,0,0,2766925.99,False,False,False,False,False,True,False,False,208.7,8,0
4,3,209.4,0.0,11,5.74,1,0,0,0,1,627537.21,False,False,False,True,False,False,False,False,209.4,7,0
2,2,115.0,230.9,18,28.66,0,0,1,0,0,567528.93,False,False,False,False,True,True,False,False,115.0,4,1
3,3,167.3,235.6,1,15.72,0,0,0,0,1,756343.21,True,False,False,False,False,True,False,False,167.3,6,1
3,3,169.2,0.0,11,8.93,1,0,0,0,1,410407.05,False,False,False,True,False,False,False,False,169.2,6,0
3,3,177.0,332.8,1,22.1,1,1,1,1,0,1107859.56,False,True,False,False,False,True,False,False,177.0,6,1
3,3,200.6,315.2,16,11.82,0,0,0,0,1,1450708.83,False,False,False,False,False,False,True,False,200.6,6,0
2,2,127.3,290.5,12,5.79,1,0,0,1,1,947199.98,False,False,True,False,False,True,False,False,127.3,4,0
2,1,143.6,278.9,21,2.81,0,0,0,1,1,802600.74,False,True,False,False,False,True,False,False,143.6,3,0
3,3,175.7,218.8,11,9.46,1,0,1,0,1,1232394.1,False,True,False,False,False,True,False,False,175.7,6,0
5,5,297.9,482.0,28,10.88,0,0,1,0,0,833506.76,False,False,False,True,False,False,False,True,297.9,10,0
4,3,239.2,292.4,16,6.53,1,0,0,1,1,2346328.83,False,False,False,False,False,False,True,False,239.2,7,0
5,4,227.2,283.2,16,0.82,0,0,0,1,0,1841312.21,False,False,False,False,False,False,False,True,227.2,9,0
2,2,139.9,0.0,17,19.09,1,0,0,0,0,681395.67,False,False,False,False,False,False,False,False,139.9,4,1
2,2,151.3,0.0,23,12.94,1,0,0,0,1,480479.14,False,True,False,False,False,False,False,False,151.3,4,0
2,2,133.7,0.0,25,13.43,1,0,0,1,1,343545.15,True,False,False,False,False,False,False,False,133.7,4,0
4,3,194.2,270.2,21,7.27,0,0,1,0,0,959703.8,False,False,False,False,True,False,False,True,194.2,7,0
2,2,126.9,311.6,29,18.78,1,0,1,1,0,784854.09,False,False,False,False,False,False,False,True,126.9,4,1
1,1,60.7,0.0,17,4.23,0,0,0,1,0,226209.02,False,True,False,False,False,False,False,False,60.7,2,0
3,3,153.0,278.0,20,0.93,0,0,0,0,0,965305.35,False,False,False,False,False,False,True,False,153.0,6,0
5,4,232.1,0.0,12,4.34,0,0,0,0,0,1482300.0,False,False,False,False,False,False,False,False,232.1,9,0
4,4,192.4,404.6,2,0.52,1,0,0,0,0,1338760.95,False,False,True,False,False,False,False,True,192.4,8,0
2,2,160.7,276.0,7,8.07,1,0,1,1,0,1800247.44,False,False,False,False,False,False,False,True,160.7,4,0
6,6,231.8,346.1,9,11.28,0,0,1,1,0,1331045.25,False,True,False,False,False,False,False,True,231.8,12,0
3,3,154.4,0.0,8,28.39,1,0,1,1,0,537566.83,False,True,False,False,False,False,False,False,154.4,6,1
5,5,256.1,0.0,19,36.81,0,0,0,1,1,440500.39,False,False,True,False,False,False,False,False,256.1,10,1
3,3,164.9,0.0,24,4.48,1,0,0,0,1,780498.43,False,True,False,False,False,False,False,False,164.9,6,0
3,3,160.1,376.0,4,7.04,0,0,1,0,0,1720183.72,False,False,False,False,False,False,False,True,160.1,6,0
4,4,204.5,449.5,9,0.51,0,0,1,1,1,1625275.95,False,True,False,False,False,True,False,False,204.5,8,0
3,2,169.6,288.5,26,8.34,0,0,1,1,1,893116.9,False,True,False,False,False,False,False,True,169.6,5,0
3,3,207.7,0.0,23,2.29,1,0,0,0,0,750838.3,False,True,False,False,False,False,False,False,207.7,6,0
4,3,200.7,412.8,11,5.11,1,0,1,0,1,1751401.1,False,False,False,False,False,False,False,True,200.7,7,0
3,2,186.5,397.6,4,7.17,0,1,0,1,1,1674089.15,False,True,False,False,False,True,False,False,186.5,5,0
4,4,194.4,235.1,6,14.94,1,0,0,0,0,702089.74,False,False,True,False,False,False,True,False,194.4,8,0
3,3,148.2,0.0,20,12.32,1,0,0,1,0,920156.34,False,False,False,False,False,False,False,False,148.2,6,0
5,4,251.8,426.4,18,1.44,0,0,1,0,1,1311494.92,False,False,True,False,False,False,False,True,251.8,9,0
2,2,134.4,268.6,7,3.94,0,0,0,1,1,1104576.48,False,True,False,False,False,True,False,False,134.4,4,0
4,3,196.0,483.8,0,3.56,0,0,1,0,1,1415794.28,False,True,False,False,False,True,False,False,196.0,7,0
5,4,264.2,0.0,18,11.5,1,0,0,1,1,980369.98,False,True,False,False,False,False,False,False,264.2,9,0
3,2,162.6,283.8,23,32.86,0,0,0,0,1,675095.43,False,True,False,False,False,True,False,False,162.6,5,1
2,2,129.7,0.0,15,1.7,0,0,1,0,1,331617.33,False,False,False,True,False,False,False,False,129.7,4,0
2,2,157.6,296.1,2,0.68,0,0,1,1,0,1583402.88,False,False,False,False,False,False,True,False,157.6,4,0
4,4,199.9,358.0,21,13.75,0,0,0,0,0,1073720.93,False,False,False,False,True,False,False,True,199.9,8,0
4,4,218.1,0.0,12,2.7,0,0,1,0,1,2107086.84,False,False,False,False,False,False,False,False,218.1,8,0
4,4,192.0,366.5,29,8.04,0,0,0,0,0,1035898.72,False,False,False,False,True,True,False,False,192.0,8,0
3,2,160.4,0.0,10,19.25,1,0,0,1,0,756631.34,False,False,False,False,True,False,False,False,160.4,5,1
5,4,241.3,452.2,12,1.62,1,0,0,0,1,1504477.85,False,True,False,False,False,False,True,False,241.3,9,0
3,3,183.3,0.0,1,11.09,1,0,0,0,0,1721105.71,False,False,False,False,False,False,False,False,183.3,6,0
4,3,188.6,405.2,15,17.37,0,0,1,1,1,959281.74,False,False,False,False,True,False,True,False,188.6,7,1
4,4,207.5,0.0,9,0.97,0,0,1,0,0,668002.72,True,False,False,False,False,False,False,False,207.5,8,0
3,3,194.1,324.4,21,16.95,0,1,1,0,1,1697799.29,False,False,False,False,False,False,False,True,194.1,6,1
4,3,203.2,0.0,7,1.56,0,0,0,0,0,1599933.51,False,False,False,False,False,False,False,False,203.2,7,0
3,3,207.3,348.2,16,8.0,1,0,0,1,1,1270969.55,False,True,False,False,False,True,False,False,207.3,6,0
5,5,267.4,651.7,22,8.54,1,0,1,0,0,1710496.75,False,False,False,False,False,False,True,False,267.4,10,0
3,3,173.8,394.5,5,7.35,0,0,0,0,0,1169082.38,False,False,False,False,True,True,False,False,173.8,6,0
2,1,164.6,0.0,5,14.92,0,0,1,0,1,422999.9,True,False,False,False,False,False,False,False,164.6,3,0
3,3,153.3,284.9,24,1.82,1,0,1,0,1,1322937.15,False,False,False,False,False,False,True,False,153.3,6,0
3,3,167.1,306.1,2,6.16,1,0,0,0,1,1515661.41,False,False,False,False,True,False,False,True,167.1,6,0
4,3,185.4,440.9,5,1.02,1,0,1,1,1,2187527.09,False,False,False,False,False,False,False,True,185.4,7,0
3,2,185.1,0.0,7,7.49,1,0,0,0,1,792824.75,False,False,True,False,False,False,False,False,185.1,5,0
3,3,199.7,468.2,7,8.01,1,0,0,1,1,1988170.04,False,False,False,False,False,False,False,True,199.7,6,0
2,2,129.7,0.0,14,1.13,1,0,0,0,1,498700.3,False,False,False,True,False,False,False,False,129.7,4,0
4,3,226.9,329.3,10,4.0,0,1,0,0,0,1597075.91,False,False,True,False,False,True,False,False,226.9,7,0
3,3,166.4,0.0,8,4.21,1,0,0,1,1,728967.71,False,False,True,False,False,False,False,False,166.4,6,0
3,2,191.0,276.5,13,14.05,1,0,0,0,1,734086.64,True,False,False,False,False,False,False,True,191.0,5,0
1,1,97.9,189.8,25,42.1,1,0,1,1,0,315571.07,False,False,True,False,False,False,False,True,97.9,2,1
5,5,235.4,461.8,26,3.57,1,1,1,0,0,2377878.98,False,False,False,False,False,True,False,False,235.4,10,0
2,1,115.3,270.1,16,1.03,0,0,0,0,1,420975.08,False,False,False,True,False,True,False,False,115.3,3,0
4,4,192.0,0.0,2,13.23,0,0,1,1,0,750311.4,True,False,False,False,False,False,False,False,192.0,8,0
3,3,171.7,251.5,24,4.99,1,0,1,0,1,1035583.85,False,True,False,False,False,False,False,True,171.7,6,0
3,3,141.9,325.5,16,2.57,0,0,1,1,0,1010622.68,False,False,False,False,False,False,True,False,141.9,6,0
3,3,179.1,0.0,25,3.27,0,0,1,0,0,688124.05,False,True,False,False,False,False,False,False,179.1,6,0
3,3,199.2,388.9,9,5.38,0,0,1,1,1,2092053.04,False,False,False,False,False,True,False,False,199.2,6,0
2,2,141.6,0.0,22,12.22,0,0,0,1,1,285760.78,False,False,False,True,False,False,False,False,141.6,4,0
2,1,80.2,102.2,27,10.58,1,0,0,0,1,673649.19,False,False,False,False,False,True,False,False,80.2,3,0
2,1,114.6,0.0,20,1.4,0,0,0,1,0,256305.36,False,False,False,True,False,False,False,False,114.6,3,0
5,5,214.9,0.0,16,1.96,0,0,0,1,1,838602.67,True,False,False,False,False,False,False,False,214.9,10,0
2,1,155.6,281.0,23,11.19,0,0,0,0,1,850442.91,False,True,False,False,False,True,False,False,155.6,3,0
4,3,240.8,492.4,3,17.8,1,0,1,0,1,1076915.96,True,False,False,False,False,False,False,True,240.8,7,1
3,3,210.5,0.0,24,2.93,1,0,0,0,0,1390112.89,False,False,False,False,False,False,False,False,210.5,6,0
3,3,186.8,406.6,7,13.36,0,0,1,0,1,1620396.69,False,False,False,False,False,True,False,False,186.8,6,0
5,4,287.9,578.3,24,2.67,0,0,1,0,0,1698735.76,False,True,False,False,False,True,False,False,287.9,9,0
3,2,151.6,260.4,23,9.22,1,0,1,1,0,821945.51,False,False,False,False,True,False,True,False,151.6,5,0
5,5,244.0,378.4,18,3.05,1,0,1,1,1,1248479.68,True,False,False,False,False,True,False,False,244.0,10,0
4,4,251.1,313.1,29,16.21,0,0,0,1,0,962859.4,False,False,False,False,True,True,False,False,251.1,8,1
5,5,255.5,573.9,22,1.78,1,0,1,1,0,863666.58,False,False,False,True,False,False,True,False,255.5,10,0
3,3,154.5,364.7,2,2.49,1,0,1,1,0,1521126.39,False,False,False,False,True,False,False,True,154.5,6,0
4,4,223.4,305.5,3,7.98,0,0,0,1,0,1099518.97,False,False,True,False,False,False,True,False,223.4,8,0
5,4,190.7,288.4,12,4.44,1,1,0,1,1,1400215.98,False,True,False,False,False,True,False,False,190.7,9,0
3,3,173.0,252.7,17,1.69,0,0,1,0,0,514702.21,False,False,False,True,False,True,False,False,173.0,6,0
3,3,175.7,0.0,17,5.44,1,0,0,1,1,752412.89,False,True,False,False,False,False,False,False,175.7,6,0
4,4,208.6,390.6,6,42.81,0,0,1,0,0,1489756.74,False,False,False,False,False,True,False,False,208.6,8,1
4,3,202.8,0.0,5,1.3,0,0,0,1,0,1080259.74,False,True,False,False,False,False,False,False,202.8,7,0
4,4,231.9,370.3,5,3.57,0,0,0,0,1,2012361.06,False,False,False,False,True,True,False,False,231.9,8,0
4,3,194.6,482.4,3,4.3,1,0,0,0,1,2130198.49,False,False,False,False,True,False,False,True,194.6,7,0
4,3,201.7,450.9,11,1.41,0,0,0,0,0,1701095.85,False,False,False,False,True,True,False,False,201.7,7,0
5,5,217.0,0.0,14,7.34,1,0,1,1,1,1029979.98,False,False,True,False,False,False,False,False,217.0,10,0
4,3,228.1,487.7,19,4.13,0,0,1,1,0,1004558.87,False,True,False,False,False,False,False,True,228.1,7,0
2,2,116.7,0.0,18,9.4,1,0,1,0,0,727363.86,False,False,False,False,False,False,False,False,116.7,4,0
4,4,219.4,474.6,22,9.87,0,0,0,1,0,772539.34,False,False,True,False,False,False,False,True,219.4,8,0
2,1,119.7,153.7,26,2.4,0,0,1,0,1,474503.01,False,False,False,True,False,True,False,False,119.7,3,0
3,2,155.4,0.0,0,4.93,0,0,0,0,1,1007914.34,False,False,False,False,False,False,False,False,155.4,5,0
5,5,246.2,542.9,2,9.74,1,0,0,0,0,1848819.04,False,False,False,False,False,False,True,False,246.2,10,0
3,3,203.9,391.0,12,14.26,1,0,0,0,1,836483.79,False,False,True,False,False,False,True,False,203.9,6,0
3,2,181.0,0.0,6,1.78,1,0,0,0,0,1445608.9,False,False,False,False,False,False,False,False,181.0,5,0
4,4,206.0,324.1,6,5.26,0,0,1,1,0,1363500.48,True,False,False,False,False,True,False,False,206.0,8,0
3,2,144.4,215.1,28,2.88,0,0,0,0,1,736314.95,False,False,False,False,True,False,False,True,144.4,5,0
3,3,186.4,409.8,6,2.32,0,0,1,1,0,1291203.09,False,False,True,False,False,True,False,False,186.4,6,0
1,1,120.4,0.0,0,2.99,1,0,1,1,0,503962.58,False,False,False,True,False,False,False,False,120.4,2,0
3,3,139.1,0.0,8,8.01,0,0,0,1,1,891114.35,False,False,False,False,True,False,False,False,139.1,6,0
3,2,173.0,0.0,2,36.61,1,0,0,1,1,848989.91,False,False,False,False,False,False,False,False,173.0,5,1
6,6,313.6,0.0,3,0.61,1,0,1,0,1,2892643.47,False,False,False,False,False,False,False,False,313.6,12,0
2,1,102.8,233.8,13,4.25,1,0,0,1,1,1065652.91,False,False,False,False,False,True,False,False,102.8,3,0
3,3,181.9,0.0,26,24.46,1,0,1,1,0,638423.25,False,False,False,False,True,False,False,False,181.9,6,1
6,6,284.6,595.5,14,19.28,1,0,0,1,0,903745.48,True,False,False,False,False,False,False,True,284.6,12,1
3,3,168.4,0.0,24,7.97,0,0,1,0,0,457519.52,False,False,True,False,False,False,False,False,168.4,6,0
4,4,193.8,0.0,20,18.65,0,0,0,0,1,247027.08,False,False,False,True,False,False,False,False,193.8,8,1
6,5,276.5,0.0,25,1.6,1,0,0,0,0,1029230.3,False,False,True,False,False,False,False,False,276.5,11,0
2,2,142.8,327.8,5,8.55,1,0,1,0,1,795371.05,False,False,True,False,False,True,False,False,142.8,4,0
4,3,237.9,294.0,28,2.14,0,0,1,1,0,1414341.5,False,True,False,False,False,True,False,False,237.9,7,0
3,2,149.1,321.0,6,16.21,0,0,1,0,1,1006161.97,False,True,False,False,False,True,False,False,149.1,5,1
4,4,202.0,504.9,12,4.52,0,0,0,0,0,2361369.34,False,False,False,False,False,True,False,False,202.0,8,0
5,5,247.1,0.0,13,0.84,1,0,0,0,1,628745.01,False,False,False,True,False,False,False,False,247.1,10,0
4,3,185.9,441.2,0,6.02,1,0,1,0,0,1894583.7,False,False,False,False,False,False,False,True,185.9,7,0
5,4,163.7,0.0,2,19.89,1,0,0,1,0,590885.45,True,False,False,False,False,False,False,False,163.7,9,1
4,3,244.0,558.1,3,11.84,1,0,0,0,0,1112776.5,True,False,False,False,False,False,False,True,244.0,7,0
4,3,182.4,0.0,8,9.04,1,0,0,1,0,755558.88,False,False,True,False,False,False,False,False,182.4,7,0
3,3,173.7,0.0,2,2.66,0,0,1,1,1,892279.71,False,True,False,False,False,False,False,False,173.7,6,0
4,4,224.0,0.0,13,10.22,0,0,0,0,0,1004591.65,False,False,False,False,False,False,False,False,224.0,8,0
3,2,144.8,221.9,29,7.95,0,1,0,0,1,812044.29,False,True,False,False,False,True,False,False,144.8,5,0
3,2,161.6,238.5,5,4.12,0,0,0,0,0,1404209.13,False,False,False,False,True,True,False,False,161.6,5,0
4,4,214.0,264.7,13,5.86,0,0,1,0,1,2472183.25,False,False,False,False,False,False,False,True,214.0,8,0
3,3,188.6,432.0,12,4.65,0,0,1,0,0,2282256.82,False,False,False,False,False,True,False,False,188.6,6,0
3,3,186.8,433.2,24,38.42,0,1,0,0,1,1022897.75,False,False,False,False,False,True,False,False,186.8,6,1
4,4,229.5,302.7,28,12.16,1,0,0,1,1,839647.65,False,False,False,True,False,True,False,False,229.5,8,0
3,2,157.3,0.0,3,3.71,0,0,1,0,1,1508830.77,False,False,False,False,False,False,False,False,157.3,5,0
1,1,131.4,322.9,21,14.94,0,0,0,1,1,856573.55,False,False,False,False,False,False,False,True,131.4,2,0
3,3,166.6,0.0,7,32.54,1,0,0,0,0,953808.73,False,False,False,False,False,False,False,False,166.6,6,1
3,2,183.0,0.0,19,10.85,0,0,1,0,1,1188414.51,False,False,False,False,False,False,False,False,183.0,5,0
4,3,188.7,364.2,2,5.27,1,0,0,0,1,1546179.81,False,False,True,False,False,True,False,False,188.7,7,0
5,5,233.6,0.0,8,9.12,0,0,0,0,0,1189311.27,False,False,False,False,True,False,False,False,233.6,10,0
4,4,230.6,455.1,29,12.98,1,1,0,1,0,859351.77,True,False,False,False,False,False,False,True,230.6,8,0
4,4,208.7,0.0,26,17.89,1,0,0,1,1,463978.49,True,False,False,False,False,False,False,False,208.7,8,1
4,3,253.1,596.7,1,2.86,0,0,0,0,0,2041832.15,False,True,False,False,False,True,False,False,253.1,7,0
4,4,278.0,657.8,29,5.93,0,0,0,0,0,953319.91,True,False,False,False,False,True,False,False,278.0,8,0
3,2,200.6,0.0,8,4.2,0,0,0,0,0,625409.69,False,False,False,True,False,False,False,False,200.6,5,0
3,2,197.0,240.5,9,2.8,1,1,1,0,1,1223980.15,False,False,True,False,False,False,False,True,197.0,5,0
4,3,155.7,345.4,4,10.62,0,1,1,0,0,655905.98,True,False,False,False,False,False,False,True,155.7,7,0
3,3,167.0,239.2,7,0.69,0,0,0,1,1,711917.67,False,False,False,True,False,False,False,True,167.0,6,0
3,3,138.4,316.6,23,2.06,0,0,0,0,0,1095100.66,False,False,False,False,False,False,True,False,138.4,6,0
3,3,211.8,373.0,27,1.47,0,0,1,1,0,1516568.46,False,False,False,False,False,False,False,True,211.8,6,0
4,3,168.5,304.1,21,1.88,1,0,1,0,0,1833420.16,False,False,False,False,False,True,False,False,168.5,7,0
3,2,214.3,0.0,5,2.81,0,0,1,0,0,1109373.05,False,True,False,False,False,False,False,False,214.3,5,0
5,5,221.1,484.0,5,12.01,1,1,1,0,0,2219565.57,False,False,False,False,True,True,False,False,221.1,10,0
5,5,279.3,393.4,1,28.78,0,1,1,0,1,2678724.33,False,False,False,False,False,True,False,False,279.3,10,1
3,2,151.0,308.7,7,3.52,0,0,0,1,0,1004442.5,False,True,False,False,False,False,False,True,151.0,5,0
2,1,117.2,179.7,23,10.49,0,0,1,1,0,302468.14,False,False,False,True,False,False,False,True,117.2,3,0
4,3,204.7,271.5,16,1.21,0,1,1,1,1,1384539.57,False,True,False,False,False,True,False,False,204.7,7,0
4,4,247.2,324.0,26,11.92,0,0,1,0,0,1031007.88,False,False,True,False,False,True,False,False,247.2,8,0
3,3,150.3,200.7,20,20.35,0,0,1,0,1,490006.18,False,False,True,False,False,False,False,True,150.3,6,1
4,3,250.3,0.0,7,5.62,0,0,1,0,0,1085881.51,False,True,False,False,False,False,False,False,250.3,7,0
6,6,289.0,715.6,11,4.7,0,0,0,0,1,1213038.68,False,False,False,True,False,False,False,True,289.0,12,0
6,5,285.5,655.6,22,6.13,0,1,1,0,0,1172527.44,False,False,False,True,False,True,False,False,285.5,11,0
4,3,148.5,0.0,9,1.41,0,0,1,0,1,880849.24,False,False,False,False,True,False,False,False,148.5,7,0
5,4,261.6,326.4,2,18.69,0,0,0,0,1,2157363.09,False,False,False,False,False,False,False,True,261.6,9,1
3,2,194.0,0.0,19,5.42,0,0,0,0,1,436274.9,False,False,False,True,False,False,False,False,194.0,5,0
3,3,137.1,247.1,20,11.46,0,0,0,1,1,751434.26,False,False,False,False,True,True,False,False,137.1,6,0
4,3,201.5,363.4,18,2.7,1,0,1,0,1,1376441.92,False,False,False,False,True,False,False,True,201.5,7,0
5,4,260.0,0.0,17,32.49,0,0,1,0,1,1300374.82,False,False,False,False,False,False,False,False,260.0,9,1
4,4,233.6,0.0,15,8.11,0,0,0,1,0,858675.36,False,False,True,False,False,False,False,False,233.6,8,0
3,3,192.8,0.0,23,1.07,1,0,1,1,0,1031880.18,False,False,False,False,True,False,False,False,192.8,6,0
3,3,177.0,0.0,7,5.53,1,0,0,0,1,869937.61,False,True,False,False,False,False,False,False,177.0,6,0
1,1,137.5,265.5,13,6.73,0,0,1,0,0,462250.86,False,False,True,False,False,False,False,True,137.5,2,0
1,1,142.7,0.0,4,6.48,0,0,0,1,0,631400.01,False,True,False,False,False,False,False,False,142.7,2,0
4,4,178.9,423.3,8,1.88,0,1,1,1,0,1583538.13,False,False,False,False,True,True,False,False,178.9,8,0
3,3,155.1,223.6,1,24.36,0,1,1,0,1,1521261.07,False,False,False,False,False,True,False,False,155.1,6,1
2,1,143.5,267.8,20,25.01,1,0,1,0,0,483389.74,False,False,True,False,False,False,False,True,143.5,3,1
5,5,238.0,0.0,3,0.86,0,0,0,0,0,1871017.72,False,False,False,False,False,False,False,False,238.0,10,0
3,3,167.8,293.4,20,4.81,0,0,0,1,0,1390587.15,False,False,False,False,False,False,True,False,167.8,6,0
3,3,158.5,392.1,29,13.48,1,1,0,0,1,1409993.98,False,False,False,False,False,True,False,False,158.5,6,0
4,3,219.1,352.1,17,22.38,0,0,1,1,1,1644421.61,False,False,False,False,False,False,False,True,219.1,7,1
1,1,110.4,150.9,2,0.71,0,1,0,0,0,925157.71,False,False,True,False,False,True,False,False,110.4,2,0
5,5,252.3,0.0,6,14.11,0,0,0,0,1,1669531.26,False,False,False,False,False,False,False,False,252.3,10,0
4,3,181.1,0.0,23,7.5,1,0,1,0,0,1097294.63,False,False,False,False,False,False,False,False,181.1,7,0
4,3,222.0,0.0,29,1.98,0,0,0,0,1,1284210.36,False,False,False,False,False,False,False,False,222.0,7,0
3,3,189.7,282.3,2,11.36,0,0,1,0,1,2161432.11,False,False,False,False,False,True,False,False,189.7,6,0
4,4,237.1,0.0,11,24.48,1,0,0,0,1,882643.01,False,False,False,False,True,False,False,False,237.1,8,1
4,3,199.4,261.7,24,3.95,0,0,1,0,1,757166.68,True,False,False,False,False,False,False,True,199.4,7,0
2,2,86.4,0.0,28,0.94,0,0,0,0,0,267194.29,False,False,True,False,False,False,False,False,86.4,4,0
2,1,141.8,331.7,20,12.35,1,0,1,1,0,1141659.58,False,False,False,False,False,False,True,False,141.8,3,0
6,5,254.1,390.4,24,5.19,0,0,1,0,1,1456924.83,False,True,False,False,False,True,False,False,254.1,11,0
2,2,141.0,0.0,10,5.94,0,0,1,1,0,1153743.27,False,False,False,False,False,False,False,False,141.0,4,0
3,2,152.6,318.4,6,8.05,1,0,1,0,0,1287758.38,False,True,False,False,False,True,False,False,152.6,5,0
6,6,247.9,0.0,4,13.42,1,0,1,1,0,1006998.27,False,True,False,False,False,False,False,False,247.9,12,0
6,6,269.6,530.0,27,6.23,0,1,1,1,0,1847540.26,False,False,False,False,True,True,False,False,269.6,12,0
5,4,290.3,0.0,3,8.96,0,0,0,1,1,1198559.65,False,True,False,False,False,False,False,False,290.3,9,0
4,4,201.0,0.0,0,58.61,1,0,0,1,1,651033.17,False,True,False,False,False,False,False,False,201.0,8,1
4,3,190.0,0.0,11,2.3,0,0,0,0,1,1694807.3,False,False,False,False,False,False,False,False,190.0,7,0
2,2,126.8,163.7,6,3.15,0,0,1,0,0,652065.93,False,False,True,False,False,False,True,False,126.8,4,0
2,1,163.9,357.6,9,1.64,1,0,1,1,0,1692917.98,False,False,False,False,False,False,True,False,163.9,3,0
6,5,320.1,754.9,15,2.14,0,1,0,1,0,1927934.49,False,True,False,False,False,True,False,False,320.1,11,0
6,5,317.7,461.0,25,2.64,0,0,1,0,0,2087188.26,False,False,False,False,True,True,False,False,317.7,11,0
3,3,150.6,246.0,20,11.66,0,0,0,0,0,1168053.98,False,False,False,False,False,False,False,True,150.6,6,0
4,3,255.9,639.3,0,18.64,0,0,1,0,0,954549.03,False,False,False,True,False,True,False,False,255.9,7,1
4,4,171.3,0.0,9,2.52,0,0,0,1,0,1445047.18,False,False,False,False,False,False,False,False,171.3,8,0
3,3,178.1,382.4,5,1.34,1,0,1,0,0,1647569.2,False,True,False,False,False,True,False,False,178.1,6,0
2,2,141.9,259.5,18,7.3,1,0,1,0,1,1673861.63,False,False,False,False,False,True,False,False,141.9,4,0
6,5,246.2,0.0,2,16.4,1,0,0,1,0,956243.78,False,True,False,False,False,False,False,False,246.2,11,1
4,3,183.3,0.0,21,0.53,0,0,0,1,0,1221096.13,False,False,False,False,False,False,False,False,183.3,7,0
1,1,78.9,0.0,29,15.41,0,0,0,1,0,308307.55,False,False,False,False,False,False,False,False,78.9,2,1
3,2,159.7,205.4,21,29.1,1,0,1,0,1,624068.75,False,True,False,False,False,True,False,False,159.7,5,1
3,3,187.1,0.0,3,4.95,0,0,0,0,1,1812991.88,False,False,False,False,False,False,False,False,187.1,6,0
3,3,152.9,0.0,22,5.39,0,0,0,0,1,879704.82,False,False,False,False,False,False,False,False,152.9,6,0
5,5,239.4,535.4,16,2.03,0,0,0,0,0,1925073.58,False,False,False,False,False,True,False,False,239.4,10,0
2,2,141.3,0.0,7,1.51,0,0,0,1,0,777884.8,False,False,False,False,True,False,False,False,141.3,4,0
3,3,217.1,0.0,16,2.41,0,0,0,0,1,660770.61,False,False,False,True,False,False,False,False,217.1,6,0
3,3,141.7,188.5,20,0.96,1,0,1,1,0,450391.47,False,False,False,True,False,False,False,True,141.7,6,0
3,2,180.4,0.0,8,8.26,0,0,0,0,1,613173.42,True,False,False,False,False,False,False,False,180.4,5,0
5,4,245.7,0.0,24,6.45,1,0,0,1,0,840466.95,False,True,False,False,False,False,False,False,245.7,9,0
2,2,141.2,0.0,29,2.78,1,0,0,0,1,793042.72,False,False,False,False,True,False,False,False,141.2,4,0
6,5,289.0,0.0,18,1.58,1,0,0,0,1,1046268.87,False,True,False,False,False,False,False,False,289.0,11,0
5,4,284.7,688.3,29,22.01,1,0,0,0,1,1487098.3,False,False,False,False,False,True,False,False,284.7,9,1
3,3,175.7,0.0,0,12.81,0,0,0,0,0,1181593.01,False,False,False,False,False,False,False,False,175.7,6,0
4,4,199.5,0.0,8,0.56,1,0,1,1,1,698562.27,False,False,False,True,False,False,False,False,199.5,8,0
6,5,259.2,0.0,4,1.21,1,0,0,0,1,1029861.88,False,False,False,True,False,False,False,False,259.2,11,0
2,2,136.8,0.0,20,1.02,1,0,1,1,0,1007938.69,False,False,False,False,True,False,False,False,136.8,4,0
6,5,308.1,431.9,13,0.85,1,0,1,0,0,2967654.02,False,False,False,False,True,True,False,False,308.1,11,0
4,4,221.0,0.0,3,1.23,0,0,0,1,1,1104805.3,False,True,False,False,False,False,False,False,221.0,8,0
2,1,122.5,281.2,1,6.18,0,0,0,1,0,790371.02,False,False,True,False,False,True,False,False,122.5,3,0
3,3,169.1,383.4,28,3.01,1,0,0,1,1,1448393.27,False,False,False,False,False,False,True,False,169.1,6,0
4,4,218.9,496.9,2,1.43,0,0,0,1,0,2501636.93,False,False,False,False,False,False,False,True,218.9,8,0
2,2,150.4,280.5,12,4.78,0,0,0,1,1,1048728.09,False,True,False,False,False,False,False,True,150.4,4,0
4,4,247.1,0.0,18,3.43,1,0,0,0,0,1936190.83,False,False,False,False,False,False,False,False,247.1,8,0
2,2,142.9,310.9,14,3.67,0,0,1,0,1,403162.08,False,False,False,True,False,False,True,False,142.9,4,0
3,2,174.6,414.0,21,1.88,1,0,1,0,1,1365412.7,False,False,False,False,False,False,True,False,174.6,5,0
2,2,178.9,363.0,18,10.39,0,0,0,0,0,743862.05,False,False,True,False,False,False,False,True,178.9,4,0
4,3,174.1,283.1,22,25.68,1,0,0,0,0,964543.91,False,False,False,False,False,False,False,True,174.1,7,1
4,4,224.6,0.0,8,1.11,1,0,0,0,1,1558265.91,False,False,False,False,False,False,False,False,224.6,8,0
4,3,202.4,0.0,17,3.36,0,0,1,0,1,1388585.11,False,False,False,False,False,False,False,False,202.4,7,0
6,5,298.7,710.1,4,20.02,1,0,1,1,1,1570263.09,False,False,True,False,False,False,False,True,298.7,11,1
3,2,218.7,381.9,1,17.56,0,0,1,0,0,751782.26,True,False,False,False,False,True,False,False,218.7,5,1
3,3,166.5,243.3,28,1.06,0,0,1,1,1,1196087.99,False,False,False,False,False,True,False,False,166.5,6,0
3,3,189.5,275.0,17,12.69,1,0,1,1,1,1196942.05,False,True,False,False,False,True,False,False,189.5,6,0
4,3,192.9,414.9,29,7.19,1,0,1,0,0,892477.37,False,False,True,False,False,True,False,False,192.9,7,0
6,6,249.7,525.3,26,8.16,1,0,1,1,0,1463066.03,False,False,False,False,True,False,True,False,249.7,12,0
5,5,269.1,672.5,0,5.93,1,0,1,1,0,3916053.8,False,False,False,False,False,True,False,False,269.1,10,0
2,2,156.1,240.0,10,31.72,0,0,1,1,1,523487.82,False,True,False,False,False,False,False,True,156.1,4,1
3,3,121.7,219.5,12,15.5,1,0,0,0,0,1216604.36,False,False,False,False,False,True,False,False,121.7,6,1
1,1,120.7,297.4,1,16.18,0,0,0,1,1,1095512.49,False,False,False,False,False,False,False,True,120.7,2,1
3,3,202.0,0.0,23,1.39,1,0,1,0,0,847850.65,False,True,False,False,False,False,False,False,202.0,6,0
5,5,261.6,0.0,18,2.21,0,0,0,0,0,1163989.2,False,True,False,False,False,False,False,False,261.6,10,0
4,4,223.7,0.0,1,1.16,1,0,0,1,0,947252.06,True,False,False,False,False,False,False,False,223.7,8,0
3,3,179.5,0.0,29,3.15,0,0,0,1,1,480836.39,True,False,False,False,False,False,False,False,179.5,6,0
4,3,222.7,0.0,28,3.27,0,0,0,0,1,1437227.37,False,False,False,False,False,False,False,False,222.7,7,0
4,3,176.4,0.0,5,24.18,1,0,0,1,1,1074232.4,False,False,False,False,False,False,False,False,176.4,7,1
2,2,97.3,175.5,29,2.59,1,0,1,0,0,498562.46,False,True,False,False,False,False,True,False,97.3,4,0
2,1,124.8,195.0,25,8.67,0,0,1,1,0,1190772.26,False,False,False,False,False,False,False,True,124.8,3,0
4,3,232.0,376.7,4,20.04,0,0,0,0,1,1040805.54,False,True,False,False,False,False,False,True,232.0,7,1
5,4,251.8,448.5,16,14.83,0,0,0,1,0,702794.65,False,False,False,True,False,False,False,True,251.8,9,0
4,4,210.9,390.3,29,10.08,0,0,1,0,0,1374795.59,False,False,False,False,False,False,False,True,210.9,8,0
5,4,236.2,284.1,20,11.86,0,0,1,1,0,2470951.1,False,False,False,False,False,True,False,False,236.2,9,0
5,5,222.9,0.0,17,0.53,1,0,1,0,1,1086288.99,False,True,False,False,False,False,False,False,222.9,10,0
5,5,205.8,0.0,3,33.29,0,0,0,1,0,1180189.5,False,False,False,False,False,False,False,False,205.8,10,1
3,3,153.5,267.3,25,5.12,0,0,1,0,1,574468.96,False,False,True,False,False,False,True,False,153.5,6,0
3,3,151.5,304.4,9,2.08,1,0,0,0,1,1417454.89,False,False,False,False,False,False,False,True,151.5,6,0
2,1,157.8,0.0,11,11.18,0,0,1,1,0,579969.88,False,True,False,False,False,False,False,False,157.8,3,0
3,2,139.5,298.6,12,10.72,0,0,1,0,0,599323.99,False,True,False,False,False,False,True,False,139.5,5,0
3,3,182.3,316.9,0,0.84,0,0,1,0,0,1738119.15,False,True,False,False,False,True,False,False,182.3,6,0
4,4,201.6,255.8,12,3.62,0,0,1,0,0,1024877.47,True,False,False,False,False,True,False,False,201.6,8,0
4,4,217.2,504.7,20,1.77,0,0,1,0,0,1869951.77,False,False,False,False,False,False,False,True,217.2,8,0
6,6,292.3,0.0,29,9.84,0,0,1,1,0,877867.63,False,True,False,False,False,False,False,False,292.3,12,0
3,2,197.9,318.5,22,1.24,1,0,1,0,0,904289.86,True,False,False,False,False,True,False,False,197.9,5,0
2,1,179.1,438.7,28,9.18,0,1,1,1,0,856458.85,False,False,True,False,False,False,False,True,179.1,3,0
2,2,160.9,246.3,29,2.08,1,0,1,1,1,1331367.47,False,False,False,False,False,False,True,False,160.9,4,0
5,4,198.4,0.0,10,44.24,0,0,1,0,1,545524.36,False,True,False,False,False,False,False,False,198.4,9,1
3,3,150.9,320.4,27,4.91,1,0,0,0,1,547271.73,True,False,False,False,False,True,False,False,150.9,6,0
6,6,315.0,0.0,10,0.8,0,0,1,1,0,2078502.8,False,False,False,False,True,False,False,False,315.0,12,0
2,2,154.8,256.9,9,1.64,0,0,0,0,1,938232.77,False,False,False,False,True,False,True,False,154.8,4,0
4,4,174.8,371.5,0,7.97,0,0,1,0,0,1335149.52,False,False,False,False,True,True,False,False,174.8,8,0
6,6,258.9,483.0,26,17.81,0,0,1,0,1,1279160.89,False,True,False,False,False,True,False,False,258.9,12,1
4,4,201.0,370.5,21,2.62,1,0,1,1,1,934621.04,True,False,False,False,False,True,False,False,201.0,8,0
3,3,185.4,0.0,5,6.06,1,0,0,0,0,1402010.71,False,False,False,False,False,False,False,False,185.4,6,0
3,3,200.7,398.4,3,13.31,1,0,0,0,1,1686796.06,False,False,False,False,False,False,True,False,200.7,6,0
2,2,180.7,284.7,27,28.91,0,1,0,0,0,852241.58,False,False,False,False,False,False,False,True,180.7,4,1
2,1,135.9,0.0,21,10.97,0,0,0,1,1,735461.39,False,False,False,False,False,False,False,False,135.9,3,0
1,1,126.6,312.0,8,6.68,0,0,1,1,1,917545.93,False,False,True,False,False,True,False,False,126.6,2,0
3,3,214.2,337.1,6,7.75,0,0,0,0,0,1074607.74,False,True,False,False,False,True,False,False,214.2,6,0
4,3,233.0,536.3,21,14.69,0,0,1,1,1,1786615.74,False,False,False,False,True,True,False,False,233.0,7,0
3,2,175.9,0.0,6,3.69,0,0,1,1,1,1163073.32,False,False,False,False,True,False,False,False,175.9,5,0
3,2,134.3,237.2,4,25.03,0,0,1,0,0,556657.42,False,False,True,False,False,True,False,False,134.3,5,1
3,2,211.0,402.4,9,6.08,1,0,1,0,0,1032626.18,False,False,False,False,True,False,True,False,211.0,5,0
3,3,154.3,359.2,21,10.43,1,1,1,0,1,1477887.86,False,False,False,False,False,True,False,False,154.3,6,0
4,4,232.3,333.5,17,1.92,1,1,1,0,0,2602220.36,False,False,False,False,False,False,False,True,232.3,8,0
4,4,221.8,305.6,22,3.66,0,0,1,0,1,2379042.03,False,False,False,False,False,True,False,False,221.8,8,0
3,3,170.2,0.0,17,11.74,1,0,0,0,1,1170452.22,False,False,False,False,False,False,False,False,170.2,6,0
2,1,101.4,216.7,3,5.89,0,1,1,0,0,1267119.42,False,False,False,False,False,False,False,True,101.4,3,0
4,4,122.8,203.1,0,13.99,0,0,0,0,0,878728.73,False,False,False,False,False,False,False,True,122.8,8,0
3,3,234.5,373.7,17,12.95,0,0,0,0,1,1489324.37,False,False,False,False,True,True,False,False,234.5,6,0
4,3,180.8,0.0,1,7.52,0,0,1,0,1,1236039.88,False,False,False,False,False,False,False,False,180.8,7,0
4,4,171.9,264.3,0,4.74,1,0,0,1,0,708049.58,False,False,False,True,False,False,True,False,171.9,8,0
5,5,279.0,372.2,28,17.5,1,1,1,1,1,997437.88,False,False,False,True,False,True,False,False,279.0,10,1
1,1,100.3,242.9,15,4.92,0,0,1,0,0,1058778.75,False,False,False,False,False,True,False,False,100.3,2,0
5,5,247.1,0.0,25,2.51,0,0,1,0,1,554424.66,False,False,False,True,False,False,False,False,247.1,10,0
5,4,224.1,301.6,13,5.4,0,0,0,1,1,1441297.37,False,False,True,False,False,False,False,True,224.1,9,0
6,6,277.8,567.4,6,20.9,1,0,0,0,0,2046210.01,False,False,False,False,False,True,False,False,277.8,12,1
4,3,184.9,240.0,4,26.18,1,1,1,0,0,1148888.98,False,False,False,False,True,True,False,False,184.9,7,1
6,6,289.9,374.8,25,8.43,0,1,1,1,0,2132067.22,False,False,False,False,True,True,False,False,289.9,12,0
2,1,159.9,261.9,9,5.36,1,0,0,1,0,1714173.67,False,False,False,False,False,False,False,True,159.9,3,0
3,3,186.9,397.1,4,20.73,1,0,1,1,0,832308.86,False,False,False,True,False,True,False,False,186.9,6,1
4,4,180.6,410.1,10,7.67,1,0,1,1,0,997709.02,True,False,False,False,False,True,False,False,180.6,8,0
5,5,271.4,0.0,27,8.7,0,0,1,0,0,505449.95,True,False,False,False,False,False,False,False,271.4,10,0
4,4,205.9,438.0,16,0.8,1,1,0,0,1,2806151.58,False,False,False,False,False,True,False,False,205.9,8,0
4,3,225.5,0.0,14,2.2,0,0,0,1,0,1763783.97,False,False,False,False,False,False,False,False,225.5,7,0
6,5,289.2,492.3,6,16.87,0,0,1,0,1,1543848.92,False,False,True,False,False,True,False,False,289.2,11,1
3,3,165.8,409.3,3,4.32,1,0,1,0,0,1459434.1,False,False,False,False,True,False,False,True,165.8,6,0
3,3,173.6,0.0,25,8.47,0,0,1,0,1,720521.86,False,False,False,False,True,False,False,False,173.6,6,0
4,4,202.2,248.5,11,5.52,1,0,1,0,0,1041519.18,False,False,True,False,False,False,True,False,202.2,8,0
1,1,104.1,211.3,19,6.22,1,0,1,1,1,521158.71,False,True,False,False,False,False,True,False,104.1,2,0
3,3,197.5,291.8,25,1.11,0,0,1,1,0,1313456.32,False,True,False,False,False,True,False,False,197.5,6,0
2,2,152.6,351.0,12,4.56,0,0,0,1,0,1309321.9,False,False,False,False,True,True,False,False,152.6,4,0
3,2,206.7,0.0,10,0.67,1,0,0,0,1,1702501.26,False,False,False,False,False,False,False,False,206.7,5,0
3,2,185.4,387.9,20,4.96,1,0,0,0,0,1436812.65,False,False,False,False,True,True,False,False,185.4,5,0
2,2,94.7,131.2,3,2.44,1,0,1,0,0,917738.47,False,True,False,False,False,True,False,False,94.7,4,0
4,4,192.2,307.3,8,10.36,0,0,1,0,1,1812612.37,False,False,False,False,False,False,True,False,192.2,8,0
6,5,261.2,644.1,10,7.1,1,0,1,1,1,2804035.97,False,False,False,False,True,True,False,False,261.2,11,0
3,2,140.6,0.0,8,0.84,0,0,1,1,0,1249175.95,False,False,False,False,False,False,False,False,140.6,5,0
3,2,142.8,0.0,14,33.67,1,0,1,0,1,346276.52,False,True,False,False,False,False,False,False,142.8,5,1
3,2,148.2,199.0,24,3.49,0,0,1,1,1,658351.63,True,False,False,False,False,True,False,False,148.2,5,0
2,2,152.2,336.4,8,3.98,0,1,1,0,0,1236137.57,False,True,False,False,False,True,False,False,152.2,4,0
1,1,64.5,85.1,2,2.02,1,0,0,1,0,822531.17,False,False,False,False,False,False,False,True,64.5,2,0
3,3,187.3,253.7,11,6.02,0,0,1,1,0,1830171.52,False,False,False,False,True,True,False,False,187.3,6,0
2,2,163.9,325.9,28,12.95,1,0,0,1,0,699395.68,False,True,False,False,False,True,False,False,163.9,4,0
2,2,155.1,0.0,7,3.71,0,0,0,0,1,1542018.27,False,False,False,False,False,False,False,False,155.1,4,0
4,4,202.9,276.3,13,9.24,0,0,1,0,1,999883.35,False,False,True,False,False,False,False,True,202.9,8,0
4,4,224.4,369.4,13,4.05,1,0,1,1,1,1416245.52,False,False,True,False,False,False,False,True,224.4,8,0
3,3,192.8,356.9,0,6.87,0,0,0,0,0,888230.67,False,True,False,False,False,False,True,False,192.8,6,0
3,3,182.3,0.0,13,50.51,1,0,0,0,1,495805.89,False,False,True,False,False,False,False,False,182.3,6,1
3,3,159.9,0.0,25,2.35,1,0,0,1,1,493403.07,False,False,False,True,False,False,False,False,159.9,6,0
4,3,199.4,347.3,13,1.15,1,0,0,1,1,2093687.58,False,False,False,False,False,False,False,True,199.4,7,0
4,4,251.6,0.0,28,3.15,1,0,0,0,0,695909.18,False,False,False,True,False,False,False,False,251.6,8,0
6,6,244.8,0.0,22,10.77,0,0,1,0,1,927726.48,False,True,False,False,False,False,False,False,244.8,12,0
5,4,240.2,569.5,23,7.29,1,0,1,1,0,1997043.87,False,False,False,False,False,False,True,False,240.2,9,0
4,4,200.2,0.0,20,7.98,0,0,1,0,0,968082.62,False,False,False,False,False,False,False,False,200.2,8,0
5,4,189.2,307.2,15,7.54,1,0,1,1,0,1559830.85,False,False,False,False,True,True,False,False,189.2,9,0
4,3,194.2,361.0,13,4.28,1,0,0,1,1,1353896.47,False,False,False,False,True,False,False,True,194.2,7,0
4,3,231.4,0.0,22,17.91,0,0,1,0,0,1155538.76,False,False,False,False,False,False,False,False,231.4,7,1
4,4,219.2,0.0,23,27.29,1,0,0,0,0,388543.02,True,False,False,False,False,False,False,False,219.2,8,1
3,3,181.1,0.0,10,22.63,1,0,0,0,1,888433.7,False,False,False,False,False,False,False,False,181.1,6,1
4,4,187.5,329.4,20,21.2,0,1,0,0,1,798711.32,False,False,True,False,False,True,False,False,187.5,8,1
3,2,202.0,338.3,14,2.21,0,0,0,1,0,2206552.21,False,False,False,False,False,False,False,True,202.0,5,0
4,4,230.2,338.5,5,0.89,1,0,0,0,0,2915113.45,False,False,False,False,False,False,True,False,230.2,8,0
5,5,243.9,0.0,0,7.59,0,0,0,1,1,838320.23,True,False,False,False,False,False,False,False,243.9,10,0
3,3,157.0,264.2,15,7.23,0,0,0,0,0,782020.17,False,False,True,False,False,False,False,True,157.0,6,0
4,4,185.9,0.0,2,2.07,0,0,0,1,0,700122.38,True,False,False,False,False,False,False,False,185.9,8,0
2,2,136.5,240.8,14,5.0,1,0,1,1,0,1548468.86,False,False,False,False,False,False,False,True,136.5,4,0
1,1,130.5,0.0,11,14.01,1,0,0,1,1,824442.31,False,False,False,False,True,False,False,False,130.5,2,0
5,5,271.4,0.0,22,16.66,1,0,0,0,1,747499.41,False,False,False,False,True,False,False,False,271.4,10,1
3,3,187.8,246.8,24,3.29,0,0,1,1,0,999817.08,False,True,False,False,False,False,False,True,187.8,6,0
4,3,193.3,0.0,24,14.61,1,0,0,1,1,625962.57,False,True,False,False,False,False,False,False,193.3,7,0
2,2,104.3,192.6,4,3.58,0,0,1,0,0,651123.07,False,False,True,False,False,False,False,True,104.3,4,0
3,3,183.4,269.1,18,28.22,1,0,0,0,1,802821.3,False,True,False,False,False,True,False,False,183.4,6,1
5,4,230.3,419.3,17,2.46,1,1,0,0,0,2071456.57,False,False,False,False,False,False,False,True,230.3,9,0
4,4,200.2,315.3,25,3.85,0,1,1,0,1,2537453.08,False,False,False,False,False,True,False,False,200.2,8,0
3,3,175.4,0.0,2,11.76,0,0,0,0,0,668550.3,False,False,True,False,False,False,False,False,175.4,6,0
5,4,242.9,0.0,7,16.52,1,0,0,1,0,985927.53,False,False,False,False,True,False,False,False,242.9,9,1
3,3,203.2,0.0,2,10.71,0,0,0,1,1,552634.59,False,False,True,False,False,False,False,False,203.2,6,0
2,2,164.7,208.2,15,5.42,0,0,0,0,0,1113470.16,False,False,False,False,False,False,False,True,164.7,4,0
3,3,151.8,0.0,19,5.68,1,0,0,0,1,1030264.63,False,False,False,False,False,False,False,False,151.8,6,0
5,5,256.0,0.0,10,4.48,0,0,0,0,1,1422643.0,False,False,False,False,False,False,False,False,256.0,10,0
3,3,164.0,199.4,28,3.84,1,0,0,0,1,613663.12,False,False,False,True,False,False,False,True,164.0,6,0
4,4,211.5,0.0,22,10.32,0,0,0,0,0,731358.13,False,True,False,False,False,False,False,False,211.5,8,0
3,3,180.1,313.1,26,2.69,1,0,1,0,1,701572.91,True,False,False,False,False,False,True,False,180.1,6,0
1,1,137.9,232.1,9,0.76,1,0,0,0,1,654284.32,True,False,False,False,False,False,False,True,137.9,2,0
4,4,205.9,0.0,18,6.43,1,0,1,0,0,506632.03,False,False,False,True,False,False,False,False,205.9,8,0
6,5,237.6,0.0,8,2.51,0,0,1,1,1,1678242.5,False,False,False,False,False,False,False,False,237.6,11,0
3,3,174.5,0.0,4,0.74,1,0,0,1,1,1031916.03,False,False,True,False,False,False,False,False,174.5,6,0
3,3,204.0,381.6,28,1.65,1,0,1,0,0,2083226.43,False,False,False,False,False,False,False,True,204.0,6,0
4,3,239.8,486.5,16,13.0,1,0,1,0,1,2116216.21,False,False,False,False,False,True,False,False,239.8,7,0
3,2,193.9,0.0,20,24.72,0,0,1,1,1,644483.91,False,False,False,False,True,False,False,False,193.9,5,1
1,1,107.5,0.0,4,5.45,0,0,0,1,0,410695.81,False,False,True,False,False,False,False,False,107.5,2,0
3,2,136.9,0.0,2,0.95,1,0,0,1,1,1459732.8,False,False,False,False,False,False,False,False,136.9,5,0
2,1,120.1,256.5,26,12.53,0,0,1,0,0,488546.74,False,False,True,False,False,True,False,False,120.1,3,0
3,2,146.4,269.9,29,15.54,0,0,1,1,0,444033.6,False,True,False,False,False,False,True,False,146.4,5,1
5,5,283.2,0.0,23,1.0,0,0,0,0,0,1479820.62,False,False,False,False,True,False,False,False,283.2,10,0
2,2,190.3,466.3,1,8.46,1,1,1,1,1,2354375.27,False,False,False,False,True,True,False,False,190.3,4,0
4,3,205.5,0.0,20,2.98,0,0,1,1,0,1095792.59,False,False,False,False,True,False,False,False,205.5,7,0
3,2,126.9,0.0,22,10.2,1,0,0,0,0,548448.97,False,False,False,False,True,False,False,False,126.9,5,0
4,3,195.6,429.2,28,1.23,1,0,1,0,1,2287537.71,False,False,False,False,False,True,False,False,195.6,7,0
3,3,173.3,355.6,20,7.17,1,0,1,0,1,653224.86,False,False,False,True,False,True,False,False,173.3,6,0
4,4,211.2,398.6,8,2.52,1,0,1,0,1,1547384.14,False,True,False,False,False,True,False,False,211.2,8,0
3,2,158.1,308.0,18,10.52,0,0,1,0,0,406794.34,False,False,False,True,False,False,True,False,158.1,5,0
2,1,135.4,323.6,27,10.66,0,0,1,0,1,755644.6,False,False,False,False,False,False,False,True,135.4,3,0
2,2,137.9,0.0,6,15.92,1,0,0,0,1,609415.54,False,True,False,False,False,False,False,False,137.9,4,1
5,5,211.4,0.0,18,8.28,1,0,0,0,0,1003281.33,False,False,False,False,False,False,False,False,211.4,10,0
3,2,172.6,0.0,15,4.81,1,0,0,0,1,669347.57,False,True,False,False,False,False,False,False,172.6,5,0
4,3,203.1,434.2,22,3.54,1,1,1,0,1,1878287.72,False,False,False,False,True,True,False,False,203.1,7,0
2,2,112.0,253.0,16,15.02,0,0,1,1,1,587134.39,False,False,False,False,True,False,True,False,112.0,4,1
6,6,308.0,0.0,21,23.7,0,0,0,0,1,1127396.83,False,False,False,False,False,False,False,False,308.0,12,1
1,1,89.2,0.0,26,14.68,1,0,0,0,1,328851.45,False,True,False,False,False,False,False,False,89.2,2,0
4,3,223.4,409.5,2,27.08,1,0,0,0,0,1161939.07,False,False,True,False,False,True,False,False,223.4,7,1
5,5,279.8,337.2,9,0.94,1,0,0,0,1,3621462.72,False,False,False,False,False,True,False,False,279.8,10,0
3,3,189.0,317.9,15,21.92,0,0,1,0,0,1025887.68,False,False,False,False,False,False,True,False,189.0,6,1
3,3,163.2,0.0,11,8.35,0,0,0,0,0,863462.16,False,False,False,False,False,False,False,False,163.2,6,0
2,2,154.5,290.3,4,3.39,1,0,1,0,1,793177.04,True,False,False,False,False,True,False,False,154.5,4,0
4,4,188.8,0.0,27,8.48,0,0,1,1,0,906042.13,False,False,False,False,False,False,False,False,188.8,8,0
3,3,184.6,0.0,3,2.32,1,0,0,1,1,968074.79,False,True,False,False,False,False,False,False,184.6,6,0
3,2,171.6,348.1,12,0.73,1,0,1,1,0,1553221.56,False,False,True,False,False,True,False,False,171.6,5,0
3,3,189.7,372.4,5,1.33,0,0,0,1,1,2265921.48,False,False,False,False,False,False,False,True,189.7,6,0
5,4,223.1,0.0,12,7.29,0,0,1,1,0,1395703.54,False,False,False,False,True,False,False,False,223.1,9,0
5,5,254.1,577.2,1,11.72,1,0,0,0,1,2339594.77,False,False,False,False,True,True,False,False,254.1,10,0
3,2,148.2,364.4,13,13.1,0,0,0,0,1,929069.17,False,False,False,False,True,False,False,True,148.2,5,0
4,4,187.4,350.2,6,0.55,0,0,1,1,0,1942506.4,False,False,False,False,False,False,True,False,187.4,8,0
3,2,157.9,0.0,4,8.14,0,0,0,1,1,1241524.09,False,False,False,False,False,False,False,False,157.9,5,0
4,3,202.6,347.1,21,7.67,0,0,0,1,0,1954429.18,False,False,False,False,False,True,False,False,202.6,7,0
5,5,238.7,478.4,6,5.11,0,1,0,0,1,2726487.83,False,False,False,False,False,False,False,True,238.7,10,0
4,4,189.7,445.6,21,21.82,0,0,0,0,0,424065.58,False,False,False,True,False,False,False,True,189.7,8,1
4,4,179.0,356.0,27,0.59,0,0,1,0,0,1033934.13,False,False,False,False,True,False,False,True,179.0,8,0
1,1,79.1,99.8,7,20.29,0,0,0,1,1,368924.73,False,True,False,False,False,False,False,True,79.1,2,1
4,4,214.1,0.0,10,1.78,1,0,0,0,1,739624.16,False,False,False,True,False,False,False,False,214.1,8,0
4,4,248.7,460.0,2,5.67,0,0,0,0,0,2521330.55,False,False,False,False,False,False,True,False,248.7,8,0
2,1,183.1,386.9,20,2.51,1,1,0,0,1,1277791.17,False,False,False,False,True,True,False,False,183.1,3,0
3,3,201.0,442.7,3,10.17,0,0,0,0,0,674657.63,False,False,False,True,False,False,False,True,201.0,6,0
1,1,110.1,175.9,25,8.86,1,0,1,1,1,1132890.22,False,False,False,False,False,True,False,False,110.1,2,0
3,2,189.3,0.0,6,1.62,1,0,0,1,1,1586424.45,False,False,False,False,False,False,False,False,189.3,5,0
3,2,193.7,0.0,11,11.51,0,0,1,1,1,828099.37,False,False,True,False,False,False,False,False,193.7,5,0
3,3,187.3,0.0,4,8.25,1,0,1,0,0,540519.78,False,False,False,True,False,False,False,False,187.3,6,0
6,5,306.2,0.0,29,11.82,0,0,0,0,1,847388.45,False,True,False,False,False,False,False,False,306.2,11,0
2,2,130.9,174.6,29,11.94,0,0,1,1,1,635458.69,False,False,False,False,True,False,False,True,130.9,4,0
4,3,204.2,0.0,8,3.46,1,0,0,0,1,775682.83,False,False,True,False,False,False,False,False,204.2,7,0
6,6,314.2,0.0,2,11.44,0,0,0,0,0,1299187.49,False,True,False,False,False,False,False,False,314.2,12,0
5,4,284.6,355.7,19,8.18,0,0,1,1,0,1520802.65,False,False,True,False,False,True,False,False,284.6,9,0
5,4,215.9,0.0,1,1.26,1,0,0,1,0,1404483.71,False,True,False,False,False,False,False,False,215.9,9,0
6,6,279.9,0.0,14,5.01,1,0,0,0,1,1315433.07,False,True,False,False,False,False,False,False,279.9,12,0
3,3,151.9,0.0,12,52.65,1,0,0,0,1,582181.52,False,False,False,False,False,False,False,False,151.9,6,1
3,3,144.7,0.0,18,4.57,0,0,0,1,0,569880.9,False,False,True,False,False,False,False,False,144.7,6,0
2,2,139.5,0.0,19,4.02,0,0,1,0,0,858627.04,False,False,False,False,True,False,False,False,139.5,4,0
3,3,191.8,338.5,29,25.39,1,0,0,0,1,897852.59,False,False,False,False,False,True,False,False,191.8,6,1
2,2,157.9,0.0,2,9.69,1,0,0,1,1,1134167.24,False,False,False,False,False,False,False,False,157.9,4,0
6,5,292.6,0.0,5,7.44,1,0,0,1,0,1922452.86,False,False,False,False,False,False,False,False,292.6,11,0
3,2,156.2,0.0,17,5.35,0,0,0,0,1,869466.98,False,False,False,False,True,False,False,False,156.2,5,0
5,4,240.9,577.7,0,10.55,1,1,1,0,1,1236893.03,False,False,False,True,False,False,False,True,240.9,9,0
2,2,162.2,0.0,23,0.82,1,0,0,1,0,726442.58,False,True,False,False,False,False,False,False,162.2,4,0
5,4,233.8,0.0,13,12.87,0,0,0,0,1,745990.53,False,True,False,False,False,False,False,False,233.8,9,0
4,4,256.2,479.5,22,0.51,1,0,0,1,1,1796401.65,False,True,False,False,False,False,False,True,256.2,8,0
5,5,203.7,448.8,19,15.67,1,1,1,1,1,1130621.81,False,True,False,False,False,True,False,False,203.7,10,1
4,3,211.4,255.6,14,6.79,0,0,1,1,0,2332605.16,False,False,False,False,False,True,False,False,211.4,7,0
3,3,194.8,317.0,9,5.61,0,0,0,0,1,835174.73,True,False,False,False,False,False,True,False,194.8,6,0
4,4,226.0,0.0,11,3.64,1,0,1,0,0,994254.91,False,True,False,False,False,False,False,False,226.0,8,0
1,1,154.5,0.0,18,8.21,1,0,0,0,0,553112.6,False,False,True,False,False,False,False,False,154.5,2,0
2,1,161.8,0.0,7,5.6,0,0,0,1,0,759070.69,False,True,False,False,False,False,False,False,161.8,3,0
4,4,213.9,492.3,21,6.55,0,0,0,0,0,1490753.39,False,False,False,False,True,True,False,False,213.9,8,0
3,3,164.1,0.0,15,16.72,1,0,1,1,0,426526.94,True,False,False,False,False,False,False,False,164.1,6,1
3,3,194.9,0.0,4,2.03,0,0,0,0,0,564173.64,True,False,False,False,False,False,False,False,194.9,6,0
2,2,142.5,0.0,27,12.04,1,0,1,0,0,730760.07,False,False,False,False,False,False,False,False,142.5,4,0
4,3,192.2,404.5,3,5.83,1,1,0,0,1,2115399.28,False,False,False,False,True,True,False,False,192.2,7,0
2,2,115.1,270.8,12,11.93,0,0,0,0,1,445808.52,False,False,False,True,False,True,False,False,115.1,4,0
5,4,262.3,435.3,19,5.52,1,1,0,0,1,2742184.25,False,False,False,False,False,True,False,False,262.3,9,0
3,3,160.2,0.0,17,14.65,1,0,0,0,0,387364.48,True,False,False,False,False,False,False,False,160.2,6,0
3,2,227.5,0.0,21,16.65,0,0,0,0,0,619605.31,False,True,False,False,False,False,False,False,227.5,5,1
4,4,203.6,0.0,1,16.27,1,0,0,0,1,863567.0,False,False,True,False,False,False,False,False,203.6,8,1
4,4,204.4,302.4,28,2.8,0,0,1,0,0,827599.95,False,True,False,False,False,True,False,False,204.4,8,0
6,6,266.3,554.9,24,15.34,0,0,1,1,1,1958626.6,False,False,False,False,False,False,False,True,266.3,12,1
4,3,193.7,247.2,28,1.15,0,1,0,1,1,1865333.2,False,False,False,False,False,False,False,True,193.7,7,0
5,4,239.3,0.0,14,2.13,0,0,0,1,0,1671143.39,False,False,False,False,False,False,False,False,239.3,9,0
3,2,175.3,276.1,0,1.89,0,0,1,0,0,1783265.74,False,False,False,False,False,False,True,False,175.3,5,0
2,2,126.0,276.3,8,23.34,1,0,1,1,1,633657.03,False,False,False,False,True,False,False,True,126.0,4,1
3,3,138.7,0.0,28,18.16,1,0,0,1,1,305680.15,False,False,True,False,False,False,False,False,138.7,6,1
3,3,192.2,0.0,23,0.9,0,0,0,0,0,701124.33,False,True,False,False,False,False,False,False,192.2,6,0
5,5,213.3,367.8,9,8.46,0,0,0,0,0,962797.66,False,False,True,False,False,False,True,False,213.3,10,0
4,4,245.3,0.0,6,16.87,1,0,1,1,0,715687.23,True,False,False,False,False,False,False,False,245.3,8,1
3,3,196.3,0.0,5,4.06,0,0,1,0,1,1007029.99,False,False,False,False,True,False,False,False,196.3,6,0
5,5,243.3,514.9,4,3.91,0,0,1,0,0,2709766.36,False,False,False,False,False,True,False,False,243.3,10,0
2,2,183.3,328.9,5,16.51,1,1,0,0,1,1696316.58,False,False,False,False,False,False,False,True,183.3,4,1
4,4,197.5,240.0,15,11.36,0,1,0,0,0,928769.99,False,False,True,False,False,True,False,False,197.5,8,0
5,5,266.8,565.4,28,18.86,0,0,1,1,1,1070776.77,False,False,False,False,True,False,False,True,266.8,10,1
3,2,208.3,0.0,20,3.57,1,0,0,0,1,1186235.69,False,False,False,False,True,False,False,False,208.3,5,0
3,2,213.8,276.0,1,13.02,1,0,1,0,1,1992379.07,False,False,False,False,False,False,False,True,213.8,5,0
4,3,197.1,0.0,26,20.93,0,0,1,0,0,460776.81,False,False,True,False,False,False,False,False,197.1,7,1
6,6,293.9,536.0,10,5.39,1,0,0,0,0,2308954.92,False,True,False,False,False,True,False,False,293.9,12,0
4,3,215.5,0.0,2,0.89,0,0,0,0,0,1626768.67,False,False,False,False,False,False,False,False,215.5,7,0
2,2,124.5,186.3,22,8.69,0,0,1,0,0,733112.2,False,False,False,False,True,False,False,True,124.5,4,0
2,1,126.3,0.0,11,10.11,0,0,0,0,1,789420.91,False,False,False,False,False,False,False,False,126.3,3,0
6,5,234.0,298.4,9,4.73,0,0,1,1,1,2572616.18,False,False,False,False,False,False,True,False,234.0,11,0
5,5,241.9,313.5,25,17.72,1,0,0,0,0,1820046.11,False,False,False,False,False,True,False,False,241.9,10,1
3,2,188.2,407.7,14,17.02,0,0,1,1,0,1223445.74,False,False,False,False,False,True,False,False,188.2,5,1
4,4,169.4,0.0,16,29.25,1,0,0,0,1,773232.04,False,False,False,False,False,False,False,False,169.4,8,1
4,3,215.3,280.6,18,20.77,0,0,0,0,0,996145.83,False,False,False,False,True,True,False,False,215.3,7,1
3,2,154.9,0.0,18,15.94,1,0,0,0,0,1011567.15,False,False,False,False,False,False,False,False,154.9,5,1
4,4,213.2,0.0,21,6.99,0,0,0,0,0,582481.73,False,False,True,False,False,False,False,False,213.2,8,0
2,1,169.7,0.0,11,7.03,1,0,0,0,1,1140928.44,False,False,False,False,True,False,False,False,169.7,3,0
2,2,150.8,267.2,23,18.97,1,0,0,0,0,412818.36,False,False,True,False,False,True,False,False,150.8,4,1
3,3,131.7,174.4,5,5.85,0,0,0,1,1,1442381.48,False,False,False,False,False,True,False,False,131.7,6,0
4,4,187.2,0.0,2,0.67,1,0,0,1,0,735682.18,True,False,False,False,False,False,False,False,187.2,8,0
3,3,186.5,0.0,26,14.11,0,0,0,1,1,579981.45,False,False,True,False,False,False,False,False,186.5,6,0
6,5,295.0,725.4,22,10.89,1,0,0,0,0,2215424.31,False,False,False,False,False,False,False,True,295.0,11,0
3,3,208.1,0.0,13,0.52,1,0,0,1,0,1095151.86,False,True,False,False,False,False,False,False,208.1,6,0
4,4,219.7,359.3,6,25.97,0,0,1,0,0,858204.67,False,False,False,False,True,False,True,False,219.7,8,1
4,3,211.0,282.6,12,11.22,1,1,1,0,0,1185231.65,False,True,False,False,False,False,False,True,211.0,7,0
3,2,161.8,275.0,6,7.39,0,0,1,0,0,1365141.08,False,False,False,False,True,False,False,True,161.8,5,0
6,5,310.4,0.0,7,4.39,1,0,0,0,1,839270.46,False,False,False,True,False,False,False,False,310.4,11,0
2,2,130.0,0.0,22,2.82,0,0,0,1,1,872764.94,False,False,False,False,False,False,False,False,130.0,4,0
3,3,211.2,261.9,11,13.3,1,0,1,1,1,1203340.45,False,True,False,False,False,False,False,True,211.2,6,0
4,4,215.1,272.6,12,2.44,1,0,1,0,1,2191854.33,False,False,False,False,False,False,False,True,215.1,8,0
4,4,224.4,376.3,10,18.17,1,0,1,1,0,880320.39,False,False,False,True,False,False,False,True,224.4,8,1
4,4,234.1,440.5,4,6.67,1,0,1,1,1,3050297.63,False,False,False,False,False,False,True,False,234.1,8,0
3,2,169.8,345.0,11,44.98,0,0,1,1,0,388746.25,False,False,False,True,False,False,False,True,169.8,5,1
3,3,204.4,325.6,11,1.94,0,0,1,0,0,756834.26,False,False,False,True,False,False,False,True,204.4,6,0
5,5,238.8,493.9,1,3.65,0,0,0,0,1,1513399.33,False,True,False,False,False,False,True,False,238.8,10,0
4,3,188.6,443.3,0,6.34,0,1,1,0,1,2251292.86,False,False,False,False,False,True,False,False,188.6,7,0
5,4,255.0,537.1,29,3.39,0,0,1,0,0,1583238.41,False,False,False,False,False,True,False,False,255.0,9,0
5,4,247.2,0.0,24,5.97,1,0,0,1,0,1567655.97,False,False,False,False,False,False,False,False,247.2,9,0
4,4,231.2,339.1,4,2.6,1,0,1,0,1,3190222.62,False,False,False,False,False,True,False,False,231.2,8,0
3,3,146.0,0.0,11,6.7,0,0,0,0,1,733941.8,False,True,False,False,False,False,False,False,146.0,6,0
3,3,166.0,297.0,10,7.62,1,0,0,1,1,912124.41,False,True,False,False,False,False,True,False,166.0,6,0
3,2,186.4,396.1,16,14.69,0,0,1,0,0,1363721.4,False,False,False,False,False,False,False,True,186.4,5,0
6,5,281.4,422.4,26,4.83,1,0,0,1,0,2683769.7,False,False,False,False,False,False,False,True,281.4,11,0
4,4,236.9,456.1,12,7.79,0,0,0,0,0,1515535.06,False,True,False,False,False,False,False,True,236.9,8,0
3,3,186.1,391.4,18,29.14,0,0,1,0,1,1021010.56,False,False,False,False,False,False,False,True,186.1,6,1
4,3,208.4,0.0,4,1.22,0,0,0,1,0,1140730.62,False,True,False,False,False,False,False,False,208.4,7,0
6,5,261.9,347.5,21,1.54,0,0,0,0,0,1611269.62,False,False,False,False,True,True,False,False,261.9,11,0
4,4,215.8,0.0,13,12.72,1,0,1,1,1,1070092.48,False,True,False,False,False,False,False,False,215.8,8,0
3,3,149.7,207.8,2,20.39,0,0,1,1,1,680299.68,False,True,False,False,False,False,False,True,149.7,6,1
2,1,209.4,0.0,1,3.46,0,0,0,0,1,1752785.18,False,False,False,False,False,False,False,False,209.4,3,0
4,3,233.6,0.0,29,2.51,1,0,0,0,1,1398959.84,False,False,False,False,False,False,False,False,233.6,7,0
3,2,178.1,404.7,16,14.96,1,0,1,1,0,1143275.63,False,False,False,False,True,True,False,False,178.1,5,0
2,2,179.8,260.7,13,26.06,1,0,1,1,1,1266247.95,False,False,False,False,False,True,False,False,179.8,4,1
3,3,165.3,280.7,13,2.5,0,0,1,1,0,1949968.12,False,False,False,False,False,True,False,False,165.3,6,0
3,2,163.0,0.0,20,1.65,0,0,1,0,1,473260.82,False,False,False,True,False,False,False,False,163.0,5,0
3,3,195.0,0.0,10,0.88,0,0,0,0,1,1082454.6,False,False,False,False,True,False,False,False,195.0,6,0
5,5,253.2,409.8,18,11.12,0,0,1,0,0,1033815.68,True,False,False,False,False,True,False,False,253.2,10,0
2,2,126.4,0.0,22,2.08,0,0,0,1,1,528905.64,False,True,False,False,False,False,False,False,126.4,4,0
3,3,154.0,237.5,28,10.1,0,0,0,0,0,931398.12,False,False,False,False,False,False,False,True,154.0,6,0
4,4,231.6,0.0,7,1.57,1,0,0,1,0,1108053.69,False,True,False,False,False,False,False,False,231.6,8,0
2,2,180.7,0.0,28,21.86,1,0,0,0,0,598248.14,False,False,False,False,True,False,False,False,180.7,4,1
6,6,260.0,0.0,13,28.92,1,0,0,0,0,1231212.81,False,False,False,False,False,False,False,False,260.0,12,1
3,3,200.1,245.6,8,14.78,0,0,1,1,1,2148044.62,False,False,False,False,False,True,False,False,200.1,6,0
2,2,183.0,0.0,28,4.72,0,0,0,1,1,511307.48,True,False,False,False,False,False,False,False,183.0,4,0
1,1,141.5,0.0,8,0.56,0,0,1,1,0,1243685.97,False,False,False,False,False,False,False,False,141.5,2,0
3,2,196.3,401.4,8,2.69,0,0,1,0,0,1514559.34,False,True,False,False,False,True,False,False,196.3,5,0
2,1,94.5,194.2,14,14.41,0,0,0,0,1,804025.06,False,False,False,False,False,True,False,False,94.5,3,0
2,2,126.5,252.0,10,3.88,0,0,1,0,1,663963.75,True,False,False,False,False,True,False,False,126.5,4,0
3,3,191.1,399.5,9,2.61,1,0,1,1,1,1745779.73,False,False,False,False,False,False,True,False,191.1,6,0
3,2,209.3,254.4,28,3.57,0,0,0,0,0,1728253.18,False,False,False,False,False,True,False,False,209.3,5,0
4,3,193.1,0.0,27,1.46,0,0,1,1,0,572465.74,False,True,False,False,False,False,False,False,193.1,7,0
1,1,119.8,210.2,17,2.19,1,0,0,1,1,1425056.14,False,False,False,False,False,True,False,False,119.8,2,0
3,2,176.5,274.3,1,24.1,0,0,1,0,1,551586.12,False,False,False,True,False,False,False,True,176.5,5,1
4,4,193.3,317.3,16,0.56,0,0,0,1,1,1259828.73,False,False,True,False,False,True,False,False,193.3,8,0
1,1,89.7,182.8,18,0.79,0,0,1,0,0,562983.0,False,False,False,False,True,False,True,False,89.7,2,0
4,4,167.5,0.0,28,1.6,0,0,1,1,1,564949.2,False,False,True,False,False,False,False,False,167.5,8,0
3,3,211.6,342.1,25,13.71,1,0,1,1,0,727986.16,True,False,False,False,False,True,False,False,211.6,6,0
3,3,182.2,443.7,17,2.26,0,0,1,0,1,786049.75,False,True,False,False,False,False,True,False,182.2,6,0
3,2,181.3,0.0,14,11.05,0,0,0,0,1,847927.09,False,False,False,False,False,False,False,False,181.3,5,0
3,2,137.4,193.7,20,10.48,0,0,0,0,0,582720.13,False,False,True,False,False,True,False,False,137.4,5,0
4,4,188.1,454.3,9,7.16,1,0,1,1,0,2365489.43,False,False,False,False,False,True,False,False,188.1,8,0
4,4,199.0,0.0,24,4.41,0,0,0,1,1,1478954.32,False,False,False,False,False,False,False,False,199.0,8,0
3,3,155.1,202.6,6,1.15,1,1,0,1,1,1217556.23,True,False,False,False,False,False,False,True,155.1,6,0
4,3,184.8,0.0,1,6.56,0,0,1,1,0,1452660.2,False,False,False,False,False,False,False,False,184.8,7,0
3,2,178.6,231.5,15,10.12,1,0,0,0,0,509622.02,False,False,False,True,False,False,False,True,178.6,5,0
3,3,142.3,319.5,29,16.29,0,0,0,1,1,766770.76,False,False,False,False,False,False,True,False,142.3,6,1
2,2,129.2,0.0,17,11.09,0,0,0,1,0,704213.01,False,False,False,False,False,False,False,False,129.2,4,0
4,4,206.5,324.5,11,11.98,0,0,1,1,0,1328468.01,False,True,False,False,False,True,False,False,206.5,8,0
4,3,213.8,348.3,6,19.11,0,0,1,1,1,707010.98,True,False,False,False,False,False,False,True,213.8,7,1
2,2,142.9,321.1,18,14.91,0,0,1,0,0,671152.98,False,True,False,False,False,False,False,True,142.9,4,0
2,1,121.3,0.0,25,4.24,1,0,1,0,1,401146.73,False,True,False,False,False,False,False,False,121.3,3,0
3,3,178.2,240.0,15,6.54,0,0,1,1,0,1616524.26,False,False,False,False,False,True,False,False,178.2,6,0
3,3,136.3,278.1,9,37.21,1,0,1,0,1,690141.28,False,False,False,False,True,True,False,False,136.3,6,1
1,1,124.6,0.0,28,12.46,1,0,0,1,0,519179.69,False,False,False,False,False,False,False,False,124.6,2,0
4,3,234.0,414.7,3,1.31,1,0,1,0,1,1903591.94,False,True,False,False,False,True,False,False,234.0,7,0
2,2,145.5,338.9,25,7.65,0,0,1,1,0,490190.18,True,False,False,False,False,True,False,False,145.5,4,0
2,1,141.6,0.0,3,20.02,0,0,0,1,0,572612.58,False,False,False,False,True,False,False,False,141.6,3,1
5,5,240.9,535.2,25,6.55,1,0,1,1,1,919203.58,True,False,False,False,False,False,False,True,240.9,10,0
4,3,202.5,244.6,8,7.59,0,1,1,0,0,723814.74,False,False,False,True,False,False,False,True,202.5,7,0
3,2,182.4,363.6,0,11.86,0,0,1,1,0,1204520.51,False,True,False,False,False,True,False,False,182.4,5,0
5,5,266.5,529.6,29,5.35,0,0,0,0,0,1368800.08,False,True,False,False,False,True,False,False,266.5,10,0
4,3,226.5,311.6,0,4.61,0,0,0,0,0,1249869.0,True,False,False,False,False,True,False,False,226.5,7,0
2,2,163.7,274.0,8,4.75,1,0,1,0,0,1030917.0,False,False,True,False,False,True,False,False,163.7,4,0
5,4,268.7,0.0,7,1.18,1,0,0,0,1,1163362.44,True,False,False,False,False,False,False,False,268.7,9,0
5,5,265.8,0.0,10,6.72,0,0,1,0,1,930379.5,True,False,False,False,False,False,False,False,265.8,10,0
5,4,312.0,0.0,21,7.78,0,0,0,0,0,637409.27,False,False,False,True,False,False,False,False,312.0,9,0
6,5,254.5,0.0,13,2.79,1,0,1,1,0,1289529.72,False,False,True,False,False,False,False,False,254.5,11,0
4,3,213.1,0.0,1,11.7,0,0,0,0,1,1175083.06,False,False,False,False,True,False,False,False,213.1,7,0
4,4,235.7,0.0,0,27.45,0,0,1,0,1,503149.68,False,False,False,True,False,False,False,False,235.7,8,1
3,2,187.9,0.0,24,10.98,1,0,1,1,0,1056119.78,False,False,False,False,False,False,False,False,187.9,5,0
6,6,251.8,352.1,14,3.27,0,0,0,0,0,1325328.94,False,True,False,False,False,False,True,False,251.8,12,0
3,2,202.8,470.5,23,4.03,1,1,0,0,0,880284.64,True,False,False,False,False,True,False,False,202.8,5,0
4,3,232.5,307.3,28,25.65,0,0,0,0,0,650432.59,False,True,False,False,False,True,False,False,232.5,7,1
4,4,231.1,546.3,20,12.97,0,0,1,0,1,1215969.95,False,False,False,False,True,False,True,False,231.1,8,0
3,3,201.2,0.0,5,3.81,0,0,0,0,0,925179.06,False,True,False,False,False,False,False,False,201.2,6,0
3,3,191.7,0.0,17,2.07,0,0,0,0,0,1179397.17,False,False,False,False,False,False,False,False,191.7,6,0
5,5,244.3,0.0,2,17.94,1,0,1,0,0,814807.85,False,False,True,False,False,False,False,False,244.3,10,1
2,2,90.6,0.0,16,1.9,0,0,0,0,1,705901.87,False,False,False,False,False,False,False,False,90.6,4,0
4,4,191.7,0.0,28,8.35,1,0,0,1,0,560824.76,False,False,True,False,False,False,False,False,191.7,8,0
3,2,167.9,369.4,12,5.08,0,0,0,1,0,1102870.41,False,False,True,False,False,True,False,False,167.9,5,0
4,4,195.6,409.4,6,33.03,0,0,1,1,0,607618.13,False,True,False,False,False,True,False,False,195.6,8,1
3,3,215.4,280.0,21,3.16,0,0,0,1,1,806404.02,False,False,False,True,False,False,False,True,215.4,6,0
4,3,221.1,0.0,0,5.54,1,0,1,0,1,1224493.89,False,False,True,False,False,False,False,False,221.1,7,0
3,3,183.8,421.4,7,13.74,0,0,1,0,0,937198.01,False,False,True,False,False,True,False,False,183.8,6,0
1,1,108.2,136.0,17,6.16,1,0,1,0,1,474781.67,False,True,False,False,False,False,True,False,108.2,2,0
4,4,233.2,0.0,11,9.89,1,0,0,1,1,980770.17,False,True,False,False,False,False,False,False,233.2,8,0
3,3,188.9,400.4,0,2.29,1,0,0,0,1,921032.12,False,False,False,True,False,True,False,False,188.9,6,0
3,2,149.3,317.0,4,3.34,0,0,0,0,1,888550.98,False,False,True,False,False,True,False,False,149.3,5,0
4,4,241.7,499.3,13,1.38,0,0,1,0,0,1790984.27,False,False,True,False,False,True,False,False,241.7,8,0
4,4,166.5,0.0,28,18.14,1,0,0,1,1,343900.89,True,False,False,False,False,False,False,False,166.5,8,1
6,5,285.7,439.1,0,1.04,1,0,1,0,1,1705352.93,False,False,False,True,False,False,False,True,285.7,11,0
2,1,189.2,0.0,24,14.45,1,0,0,1,0,814303.25,False,False,False,False,True,False,False,False,189.2,3,0
4,4,197.3,324.5,19,10.16,0,0,1,0,1,1207397.86,False,True,False,False,False,True,False,False,197.3,8,0
5,4,314.6,0.0,25,25.63,0,0,0,1,0,1227237.88,False,False,False,False,False,False,False,False,314.6,9,1
4,4,206.3,0.0,25,2.46,1,0,1,1,0,761915.32,False,False,True,False,False,False,False,False,206.3,8,0
3,2,178.7,0.0,21,2.3,0,0,0,0,0,972548.9,False,False,False,False,False,False,False,False,178.7,5,0
4,4,193.6,0.0,2,8.93,0,0,0,0,0,628846.5,True,False,False,False,False,False,False,False,193.6,8,0
2,2,156.3,204.1,11,5.22,0,0,1,0,1,1419290.99,False,False,False,False,True,True,False,False,156.3,4,0
5,5,217.6,490.4,28,17.42,1,0,1,0,0,1489943.21,False,False,False,False,False,True,False,False,217.6,10,1
3,3,248.0,0.0,15,10.15,0,0,0,1,0,566777.12,False,False,False,True,False,False,False,False,248.0,6,0
4,4,226.8,463.4,28,6.59,1,0,1,0,1,827758.3,True,False,False,False,False,False,False,True,226.8,8,0
2,1,124.1,228.2,21,9.66,0,0,1,1,0,747533.29,False,False,False,False,False,False,True,False,124.1,3,0
5,5,244.3,306.3,2,4.27,0,0,0,1,0,1705249.72,False,False,True,False,False,False,False,True,244.3,10,0
2,2,43.6,0.0,20,7.13,0,0,0,0,1,131207.42,True,False,False,False,False,False,False,False,43.6,4,0
4,4,271.9,0.0,16,20.3,0,0,0,0,1,684688.72,False,False,True,False,False,False,False,False,271.9,8,1
6,6,283.7,696.7,26,19.34,1,0,1,0,0,726711.16,False,False,False,True,False,True,False,False,283.7,12,1
4,4,184.0,0.0,9,13.83,0,0,0,1,0,1424779.54,False,False,False,False,False,False,False,False,184.0,8,0
3,2,167.4,317.9,26,12.78,0,0,0,0,0,1068252.55,False,False,False,False,False,True,False,False,167.4,5,0
3,3,146.3,313.4,6,1.86,0,0,0,1,1,802917.75,False,False,False,True,False,True,False,False,146.3,6,0
3,2,178.3,239.2,12,15.23,0,0,1,1,1,944344.35,False,False,False,False,True,True,False,False,178.3,5,1
2,2,163.2,373.6,12,13.71,0,1,0,0,1,1466545.17,False,False,False,False,False,True,False,False,163.2,4,0
4,3,248.8,576.7,29,2.15,1,0,0,1,0,768530.54,False,False,False,True,False,False,True,False,248.8,7,0
4,4,197.6,316.8,15,1.95,1,0,1,0,1,747549.46,False,False,False,True,False,False,True,False,197.6,8,0
3,2,121.6,0.0,4,20.47,0,0,0,0,0,220659.97,False,False,False,True,False,False,False,False,121.6,5,1
3,3,174.3,407.0,5,20.79,0,0,0,0,1,648696.27,False,True,False,False,False,False,False,True,174.3,6,1
2,2,155.7,259.9,14,4.35,1,0,0,0,1,1332973.0,False,False,False,False,True,True,False,False,155.7,4,0
1,1,113.4,275.2,10,24.29,0,0,1,1,0,386404.65,True,False,False,False,False,False,True,False,113.4,2,1
3,2,151.9,324.2,29,31.22,0,0,0,1,1,312715.14,False,False,False,True,False,True,False,False,151.9,5,1
3,3,169.6,271.3,3,10.79,1,0,1,1,0,1194675.65,False,False,False,False,True,False,True,False,169.6,6,0
4,3,233.8,557.1,0,2.56,0,0,1,0,0,1425034.89,False,True,False,False,False,True,False,False,233.8,7,0
3,3,139.7,263.1,2,3.94,1,1,0,1,1,1119487.59,False,False,True,False,False,False,False,True,139.7,6,0
3,2,184.2,0.0,8,3.6,0,0,1,1,0,1450727.1,False,False,False,False,False,False,False,False,184.2,5,0
6,6,298.0,550.2,22,3.01,0,0,1,1,1,1856066.46,False,False,True,False,False,True,False,False,298.0,12,0
1,1,121.9,161.7,12,1.3,0,0,1,0,0,1351856.56,False,False,False,False,False,False,False,True,121.9,2,0
3,2,180.7,374.8,13,0.9,1,0,1,0,0,958530.88,False,False,True,False,False,False,True,False,180.7,5,0
1,1,99.2,199.4,14,14.96,0,0,1,1,1,592389.66,False,False,False,False,True,False,False,True,99.2,2,0
5,5,249.7,0.0,12,3.12,0,0,0,1,1,1916022.27,False,False,False,False,False,False,False,False,249.7,10,0
1,1,117.7,172.8,6,9.54,1,0,1,0,1,1617066.11,False,False,False,False,False,True,False,False,117.7,2,0
2,2,117.8,0.0,2,5.4,1,0,1,0,1,457368.18,True,False,False,False,False,False,False,False,117.8,4,0
2,2,128.2,239.5,26,1.74,0,0,0,0,0,496105.66,True,False,False,False,False,True,False,False,128.2,4,0
2,1,141.9,0.0,11,22.9,0,0,0,1,1,335700.95,False,False,True,False,False,False,False,False,141.9,3,1
3,2,202.1,310.7,14,3.37,1,0,0,0,1,1308201.06,False,False,False,False,True,False,True,False,202.1,5,0
3,3,146.6,0.0,5,6.97,0,0,0,0,1,374832.17,False,False,False,True,False,False,False,False,146.6,6,0
4,3,233.8,456.7,23,4.78,1,0,1,1,1,1471773.07,False,True,False,False,False,False,False,True,233.8,7,0
1,1,67.7,0.0,3,4.78,0,0,0,0,1,370676.27,False,False,False,False,True,False,False,False,67.7,2,0
4,4,214.0,522.0,25,4.85,1,1,1,1,0,1901134.49,False,False,False,False,False,False,False,True,214.0,8,0
3,3,171.4,351.4,17,1.69,0,0,0,0,1,1308183.81,False,False,False,False,True,False,False,True,171.4,6,0
5,5,269.6,557.0,24,0.83,0,0,0,1,0,1710579.94,False,False,False,False,False,False,True,False,269.6,10,0
3,2,152.2,233.3,3,7.81,0,0,0,0,1,1513823.97,False,False,False,False,False,True,False,False,152.2,5,0
4,4,188.3,361.8,5,2.14,0,0,1,1,1,2649539.78,False,False,False,False,False,False,False,True,188.3,8,0
3,2,181.2,326.7,16,11.98,1,0,1,1,0,758320.96,True,False,False,False,False,True,False,False,181.2,5,0
2,1,133.8,176.6,27,1.47,1,0,1,1,0,743727.56,False,True,False,False,False,False,False,True,133.8,3,0
4,4,204.9,278.5,16,3.08,1,0,1,0,1,1478137.52,False,True,False,False,False,True,False,False,204.9,8,0
3,2,168.0,276.2,15,1.71,0,0,1,0,0,2053637.15,False,False,False,False,False,True,False,False,168.0,5,0
3,3,204.0,0.0,8,18.39,0,0,0,0,1,1248633.64,False,False,False,False,False,False,False,False,204.0,6,1
3,2,201.9,0.0,7,7.56,0,0,0,0,0,975902.99,False,True,False,False,False,False,False,False,201.9,5,0
3,2,136.0,216.9,12,18.35,0,0,1,0,1,997374.36,False,False,False,False,False,True,False,False,136.0,5,1
2,2,111.3,206.3,0,8.72,0,1,1,1,0,838612.52,False,False,False,False,True,False,False,True,111.3,4,0
3,2,134.8,0.0,6,14.27,0,0,0,1,1,574547.24,False,False,True,False,False,False,False,False,134.8,5,0
2,2,141.5,0.0,18,0.93,1,0,0,0,0,1054890.94,False,False,False,False,False,False,False,False,141.5,4,0
1,1,98.6,0.0,18,20.76,1,0,1,1,0,365992.21,False,False,False,False,True,False,False,False,98.6,2,1
1,1,80.5,109.8,11,2.25,1,0,0,0,1,973086.16,False,False,False,False,False,True,False,False,80.5,2,0
3,2,159.7,0.0,5,6.21,0,0,0,0,1,854175.61,False,True,False,False,False,False,False,False,159.7,5,0
1,1,99.7,177.0,6,1.85,1,0,0,0,1,543380.6,False,False,True,False,False,False,True,False,99.7,2,0
4,3,287.9,437.4,9,42.09,0,0,0,0,0,1747930.13,False,False,False,False,False,False,False,True,287.9,7,1
6,5,277.6,0.0,26,5.53,1,0,1,0,1,831156.25,False,False,True,False,False,False,False,False,277.6,11,0
2,2,133.7,332.6,15,5.48,1,0,0,0,1,1481782.26,False,False,False,False,False,False,False,True,133.7,4,0
2,2,150.8,0.0,22,3.08,0,0,0,0,1,512130.97,False,False,True,False,False,False,False,False,150.8,4,0
1,1,46.6,88.6,18,20.93,0,1,1,0,1,191974.26,False,False,True,False,False,False,False,True,46.6,2,1
2,1,158.1,342.8,11,0.91,0,0,1,0,0,1089376.19,False,False,True,False,False,True,False,False,158.1,3,0
2,1,197.8,0.0,0,12.2,0,0,0,1,0,1386264.1,False,False,False,False,False,False,False,False,197.8,3,0
4,3,210.4,449.6,26,7.06,0,0,1,0,1,1763916.09,False,False,False,False,False,True,False,False,210.4,7,0
2,1,112.7,163.2,8,3.66,1,0,1,0,0,976368.04,False,False,False,False,True,False,True,False,112.7,3,0
4,3,203.9,394.9,19,8.6,1,0,1,0,1,804574.88,True,False,False,False,False,True,False,False,203.9,7,0
3,3,165.1,282.3,12,1.1,0,1,1,1,0,1382718.3,False,True,False,False,False,True,False,False,165.1,6,0
4,4,184.8,304.4,8,6.48,1,0,1,1,0,1229727.26,True,False,False,False,False,True,False,False,184.8,8,0
4,3,179.1,413.2,12,35.43,0,0,1,1,0,749945.32,False,False,False,False,True,False,False,True,179.1,7,1
4,4,195.5,0.0,10,21.64,0,0,0,0,1,531912.71,False,True,False,False,False,False,False,False,195.5,8,1
3,2,192.0,250.1,6,24.98,1,1,1,0,0,889471.46,False,True,False,False,False,False,False,True,192.0,5,1
3,2,167.0,0.0,27,4.51,1,0,1,0,0,487784.27,True,False,False,False,False,False,False,False,167.0,5,0
2,2,152.2,0.0,3,17.02,0,0,0,0,1,384289.67,True,False,False,False,False,False,False,False,152.2,4,1
2,1,137.7,0.0,11,5.39,1,0,0,0,0,682201.0,False,False,True,False,False,False,False,False,137.7,3,0
3,3,169.2,394.1,12,3.22,1,0,1,0,0,1087373.32,False,True,False,False,False,False,True,False,169.2,6,0
4,4,208.0,0.0,23,8.55,0,0,0,1,1,1380362.43,False,False,False,False,False,False,False,False,208.0,8,0
3,2,119.2,284.0,2,1.57,1,0,0,1,0,918966.65,True,False,False,False,False,True,False,False,119.2,5,0
4,4,210.8,0.0,12,8.26,0,0,0,0,0,800125.32,False,True,False,False,False,False,False,False,210.8,8,0
4,3,221.3,281.2,24,4.93,1,0,1,0,1,772496.32,False,False,False,True,False,False,False,True,221.3,7,0
4,4,212.7,0.0,25,4.8,0,0,0,1,0,519854.29,True,False,False,False,False,False,False,False,212.7,8,0
5,5,230.5,0.0,15,1.33,0,0,0,0,1,988979.02,False,False,True,False,False,False,False,False,230.5,10,0
2,2,156.7,0.0,26,1.05,1,0,0,0,1,840065.35,False,False,False,False,True,False,False,False,156.7,4,0
6,5,300.2,0.0,14,24.01,0,0,0,1,0,1408527.57,False,False,False,False,False,False,False,False,300.2,11,1
4,4,207.6,436.1,21,6.97,1,0,1,1,1,1199039.68,False,False,True,False,False,True,False,False,207.6,8,0
3,3,164.8,295.0,26,27.22,1,0,0,1,0,887578.57,False,False,False,False,False,True,False,False,164.8,6,1
4,4,203.1,378.2,17,2.81,1,0,1,0,1,932379.19,True,False,False,False,False,False,False,True,203.1,8,0
1,1,73.1,112.2,9,10.27,0,0,1,0,0,731124.03,False,False,False,False,False,True,False,False,73.1,2,0
2,2,115.2,249.1,19,17.96,1,1,0,0,1,840116.35,False,False,False,False,False,False,False,True,115.2,4,1
1,1,100.8,123.7,20,6.62,0,0,0,1,1,553226.2,False,True,False,False,False,False,False,True,100.8,2,0
3,3,222.4,348.9,15,6.2,1,0,0,0,1,2112007.58,False,False,False,False,False,True,False,False,222.4,6,0
3,3,213.8,0.0,17,15.35,1,0,1,0,0,825892.12,False,True,False,False,False,False,False,False,213.8,6,1
2,1,123.8,188.4,14,1.12,0,0,0,1,1,578431.92,False,False,True,False,False,False,True,False,123.8,3,0
4,4,210.1,0.0,29,4.73,0,0,0,1,1,1033191.79,False,False,False,False,False,False,False,False,210.1,8,0
4,3,190.3,251.6,21,6.68,1,0,0,0,0,1069066.06,False,False,False,False,True,False,False,True,190.3,7,0
2,1,207.6,345.6,27,1.17,1,0,0,1,1,2221763.73,False,False,False,False,False,False,False,True,207.6,3,0
3,2,203.1,0.0,13,12.68,1,0,0,0,1,743257.03,False,False,True,False,False,False,False,False,203.1,5,0
4,4,187.0,363.3,28,16.9,1,0,1,1,0,1182010.52,False,False,False,False,True,True,False,False,187.0,8,1
2,2,147.0,0.0,5,2.69,0,0,1,0,1,816023.12,False,True,False,False,False,False,False,False,147.0,4,0
4,4,234.9,418.5,0,3.67,0,0,1,0,1,2021416.37,False,True,False,False,False,True,False,False,234.9,8,0
4,4,254.9,525.1,26,18.5,1,0,0,1,1,967976.58,True,False,False,False,False,True,False,False,254.9,8,1
6,5,298.9,373.4,18,1.6,1,0,0,0,0,943695.02,True,False,False,False,False,False,True,False,298.9,11,0
2,2,138.9,0.0,20,2.53,1,0,0,1,1,1161407.22,False,False,False,False,False,False,False,False,138.9,4,0
3,3,182.3,255.3,19,1.76,1,0,1,0,0,1598628.28,False,False,False,False,False,True,False,False,182.3,6,0
3,3,168.3,287.3,25,4.88,0,1,0,0,0,596909.26,False,False,False,True,False,False,False,True,168.3,6,0
3,2,188.5,373.4,0,4.46,0,0,1,0,0,1387241.83,False,False,True,False,False,False,False,True,188.5,5,0
5,4,248.6,0.0,9,9.22,0,0,0,1,0,713511.5,False,False,True,False,False,False,False,False,248.6,9,0
3,3,197.7,281.3,8,10.32,0,0,1,1,1,808612.8,True,False,False,False,False,False,True,False,197.7,6,0
3,2,206.4,346.9,11,6.38,1,1,0,0,1,2363969.17,False,False,False,False,False,True,False,False,206.4,5,0
5,5,226.2,329.1,29,9.56,1,0,1,1,0,868530.79,False,True,False,False,False,False,True,False,226.2,10,0
2,2,149.9,364.8,22,5.01,0,0,0,0,1,914851.59,False,False,True,False,False,True,False,False,149.9,4,0
3,2,169.1,0.0,25,10.56,0,0,1,0,1,377737.22,True,False,False,False,False,False,False,False,169.1,5,0
2,1,121.3,0.0,16,2.34,0,0,0,0,1,496743.39,False,True,False,False,False,False,False,False,121.3,3,0
4,4,231.1,341.5,7,7.67,1,0,1,1,0,2526483.93,False,False,False,False,False,False,True,False,231.1,8,0
2,2,166.7,0.0,28,7.78,1,0,0,0,1,766108.93,False,False,False,False,False,False,False,False,166.7,4,0
2,2,131.3,0.0,25,2.7,0,0,0,0,0,871051.85,False,False,False,False,False,False,False,False,131.3,4,0
3,2,189.8,0.0,26,1.33,0,0,0,1,1,727575.0,False,True,False,False,False,False,False,False,189.8,5,0
3,2,205.6,502.9,17,9.07,0,0,0,0,1,914838.18,False,False,True,False,False,True,False,False,205.6,5,0
3,3,172.9,367.8,5,7.92,0,0,1,0,0,1188420.81,False,True,False,False,False,True,False,False,172.9,6,0
6,6,305.0,0.0,29,4.03,0,0,0,0,0,1528626.09,False,False,False,False,False,False,False,False,305.0,12,0
2,1,129.2,188.6,24,7.73,0,1,1,0,1,927713.14,False,False,False,False,False,False,False,True,129.2,3,0
2,2,149.9,0.0,22,5.92,0,0,1,0,1,615058.77,False,True,False,False,False,False,False,False,149.9,4,0
3,3,198.0,404.7,14,8.77,0,0,0,1,0,2261987.85,False,False,False,False,False,True,False,False,198.0,6,0
6,5,307.4,379.9,13,2.76,0,0,1,1,0,2292285.49,False,False,True,False,False,True,False,False,307.4,11,0
6,6,300.4,0.0,27,22.02,0,0,0,1,1,1156070.24,False,False,False,False,False,False,False,False,300.4,12,1
3,3,171.1,0.0,14,0.84,0,0,1,0,0,579373.64,True,False,False,False,False,False,False,False,171.1,6,0
4,3,235.2,362.9,0,16.99,0,0,1,0,1,1583504.36,False,False,False,False,True,False,False,True,235.2,7,1
5,4,273.1,0.0,20,5.4,0,0,1,0,0,837927.74,False,False,True,False,False,False,False,False,273.1,9,0
4,3,178.7,318.0,22,11.18,1,0,0,0,0,1298514.03,False,False,False,False,True,True,False,False,178.7,7,0
5,5,218.0,0.0,19,10.14,0,0,0,0,0,549110.41,True,False,False,False,False,False,False,False,218.0,10,0
3,2,190.0,437.4,13,2.47,1,0,1,0,1,925794.83,True,False,False,False,False,True,False,False,190.0,5,0
1,1,114.0,0.0,0,3.57,0,0,0,1,1,485237.22,False,False,True,False,False,False,False,False,114.0,2,0
4,4,219.6,0.0,7,2.97,1,0,1,0,1,1105901.56,False,False,True,False,False,False,False,False,219.6,8,0
2,1,116.5,246.5,21,3.4,1,0,1,1,0,1051310.62,False,False,False,False,True,True,False,False,116.5,3,0
6,6,277.8,571.7,28,1.57,1,0,1,0,1,1446457.71,False,True,False,False,False,False,False,True,277.8,12,0
3,3,132.9,273.5,5,15.62,0,1,0,1,0,1259353.96,False,False,False,False,False,False,False,True,132.9,6,1
3,3,140.7,0.0,6,0.71,0,0,0,0,0,722745.07,False,True,False,False,False,False,False,False,140.7,6,0
1,1,77.2,0.0,12,9.34,1,0,1,0,0,360758.71,False,False,False,False,True,False,False,False,77.2,2,0
2,2,185.7,444.3,8,8.36,0,0,1,0,0,1516723.41,False,False,False,False,False,False,False,True,185.7,4,0
5,5,240.3,349.2,10,8.83,1,0,0,1,1,2084749.2,False,False,False,False,True,True,False,False,240.3,10,0
4,4,203.5,504.3,8,8.97,0,1,1,0,1,2784202.45,False,False,False,False,False,True,False,False,203.5,8,0
3,2,228.8,0.0,22,1.27,0,0,0,0,1,1226651.84,False,False,False,False,True,False,False,False,228.8,5,0
5,4,251.8,479.5,20,8.99,0,0,0,1,0,1868963.74,False,False,False,False,False,True,False,False,251.8,9,0
1,1,95.8,173.9,6,8.92,0,0,0,0,0,571711.81,False,False,False,False,True,False,False,True,95.8,2,0
2,1,165.6,404.9,29,3.49,1,0,1,1,0,1229584.94,False,False,False,False,False,False,True,False,165.6,3,0
3,2,203.9,295.9,27,10.74,0,0,1,0,1,1508440.9,False,False,False,False,False,True,False,False,203.9,5,0
2,1,171.5,0.0,28,13.16,0,0,1,1,0,885543.86,False,False,False,False,False,False,False,False,171.5,3,0
5,4,278.9,463.3,13,2.38,0,0,1,0,1,1257198.06,True,False,False,False,False,True,False,False,278.9,9,0
2,2,152.7,321.8,6,8.16,1,0,1,1,1,1171578.06,False,False,True,False,False,True,False,False,152.7,4,0
2,2,103.1,164.3,28,4.94,0,1,0,1,1,820687.03,False,False,False,False,False,False,False,True,103.1,4,0
3,2,183.7,319.5,26,1.15,0,0,0,0,1,1034568.82,False,True,False,False,False,True,False,False,183.7,5,0
3,3,130.7,0.0,19,12.57,0,0,0,0,1,771815.89,False,False,False,False,False,False,False,False,130.7,6,0
3,2,200.1,344.6,1,14.23,0,0,0,0,0,1184693.45,False,False,False,False,True,False,False,True,200.1,5,0
3,2,162.4,0.0,20,31.47,0,0,1,0,0,375248.0,False,True,False,False,False,False,False,False,162.4,5,1
4,3,236.7,421.7,7,1.4,0,0,1,0,0,1692396.09,False,False,True,False,False,True,False,False,236.7,7,0
4,4,183.6,317.2,21,2.06,1,0,0,0,1,1113314.09,False,False,True,False,False,True,False,False,183.6,8,0
4,3,232.9,0.0,4,6.42,1,0,0,0,1,978897.21,True,False,False,False,False,False,False,False,232.9,7,0
3,2,195.4,238.1,23,9.16,0,0,1,1,0,915953.17,False,True,False,False,False,False,True,False,195.4,5,0
5,5,247.1,339.0,28,1.05,0,0,1,0,1,1703695.22,False,False,False,False,False,True,False,False,247.1,10,0
4,4,170.5,337.1,22,4.87,1,0,0,0,1,1183190.16,False,False,False,False,True,True,False,False,170.5,8,0
6,5,319.8,0.0,6,19.46,0,0,0,0,0,790154.28,False,False,True,False,False,False,False,False,319.8,11,1
4,3,161.0,259.2,27,19.32,1,0,0,0,0,743862.21,False,False,False,False,False,False,True,False,161.0,7,1
2,2,81.2,0.0,24,1.08,0,0,0,0,0,235462.47,False,False,True,False,False,False,False,False,81.2,4,0
4,3,220.0,439.9,10,0.73,0,0,1,1,0,732772.02,False,False,False,True,False,False,False,True,220.0,7,0
2,1,131.0,0.0,21,10.64,1,0,0,0,0,432245.03,False,True,False,False,False,False,False,False,131.0,3,0
4,3,200.0,255.1,24,2.58,1,0,1,0,1,841671.14,False,False,False,True,False,True,False,False,200.0,7,0
5,4,241.3,559.1,15,11.06,1,0,1,0,0,1452968.28,False,False,True,False,False,True,False,False,241.3,9,0
5,4,227.6,0.0,23,12.85,1,0,1,0,0,739014.4,False,True,False,False,False,False,False,False,227.6,9,0
4,4,233.5,316.8,16,15.24,1,0,0,0,1,579834.82,False,False,False,True,False,True,False,False,233.5,8,1
1,1,108.8,0.0,16,13.33,0,0,1,1,0,620850.65,False,False,False,False,False,False,False,False,108.8,2,0
3,3,178.3,316.6,5,28.54,0,0,0,0,1,912984.71,False,True,False,False,False,True,False,False,178.3,6,1
2,1,139.6,0.0,16,0.98,1,0,0,0,0,633872.06,False,True,False,False,False,False,False,False,139.6,3,0
5,5,258.8,378.3,23,2.49,1,0,0,1,0,1223775.97,True,False,False,False,False,True,False,False,258.8,10,0
4,4,191.0,0.0,8,1.44,1,0,1,0,0,1481771.85,False,False,False,False,False,False,False,False,191.0,8,0
2,1,107.7,201.5,19,39.72,0,0,1,1,1,438817.06,False,True,False,False,False,False,False,True,107.7,3,1
5,4,226.0,544.4,3,4.5,1,0,1,0,0,3055655.93,False,False,False,False,False,True,False,False,226.0,9,0
6,6,274.3,0.0,6,10.88,1,0,0,1,0,819097.87,True,False,False,False,False,False,False,False,274.3,12,0
3,3,129.5,0.0,13,1.51,1,0,0,0,0,449349.63,True,False,False,False,False,False,False,False,129.5,6,0
3,3,191.8,476.7,26,5.47,0,0,1,1,1,1058790.43,False,False,False,False,True,False,False,True,191.8,6,0
6,6,271.3,348.7,26,10.12,1,0,1,1,0,892643.12,False,True,False,False,False,False,True,False,271.3,12,0
6,6,285.9,459.0,19,3.69,1,1,1,1,0,3814812.33,False,False,False,False,False,True,False,False,285.9,12,0
3,3,178.3,0.0,21,20.32,1,0,0,0,1,327016.03,False,False,False,True,False,False,False,False,178.3,6,1
4,4,208.6,500.1,11,7.94,1,1,0,0,0,2035353.06,False,False,False,False,False,True,False,False,208.6,8,0
3,2,217.7,473.2,5,0.99,1,0,0,0,0,1326558.52,False,True,False,False,False,True,False,False,217.7,5,0
3,2,211.3,331.2,11,17.45,1,0,1,1,0,743352.92,False,False,False,True,False,False,False,True,211.3,5,1
2,2,143.4,330.7,0,0.95,1,0,1,0,0,2182489.1,False,False,False,False,False,True,False,False,143.4,4,0
5,5,239.8,581.7,20,11.57,1,0,1,1,0,970981.78,True,False,False,False,False,False,False,True,239.8,10,0
3,2,214.9,0.0,0,12.74,0,0,1,0,0,1555257.49,False,False,False,False,False,False,False,False,214.9,5,0
3,3,239.7,0.0,15,3.59,1,0,0,0,1,784643.85,False,False,False,True,False,False,False,False,239.7,6,0
3,3,159.6,398.7,3,6.36,1,0,1,0,1,1602922.76,False,False,False,False,True,False,False,True,159.6,6,0
2,2,163.7,0.0,4,1.29,1,0,0,1,1,1505300.4,False,False,False,False,False,False,False,False,163.7,4,0
3,2,193.6,0.0,14,2.17,0,0,0,1,0,1575743.11,False,False,False,False,False,False,False,False,193.6,5,0
2,2,107.7,234.5,19,13.95,0,0,0,0,0,289666.97,True,False,False,False,False,False,True,False,107.7,4,0
3,3,224.6,401.7,2,1.6,1,0,0,1,1,3418689.51,False,False,False,False,False,True,False,False,224.6,6,0
5,5,244.6,0.0,4,8.33,0,0,0,0,1,642894.46,False,False,False,True,False,False,False,False,244.6,10,0
3,3,221.1,328.0,26,4.74,0,1,0,1,0,1242712.55,False,False,True,False,False,False,False,True,221.1,6,0
4,4,181.5,360.3,0,10.04,0,0,1,1,1,774518.73,False,False,False,True,False,True,False,False,181.5,8,0
2,1,145.5,0.0,0,20.81,1,0,0,0,1,565517.08,False,False,False,False,True,False,False,False,145.5,3,1
3,3,173.3,0.0,17,6.49,0,0,0,0,0,745127.44,False,False,False,False,True,False,False,False,173.3,6,0
3,3,233.4,407.6,15,23.0,0,0,0,1,1,1131562.67,False,False,False,False,True,False,False,True,233.4,6,1
4,4,214.7,530.8,20,11.3,1,1,1,0,0,724405.11,True,False,False,False,False,True,False,False,214.7,8,0
3,3,140.2,171.8,18,5.75,1,0,0,0,1,920217.59,False,False,False,False,True,False,False,True,140.2,6,0
4,4,213.5,482.7,19,2.16,0,0,0,1,1,957641.52,True,False,False,False,False,False,False,True,213.5,8,0
3,3,216.3,0.0,14,13.19,0,0,0,0,1,1127045.29,False,False,False,False,False,False,False,False,216.3,6,0
3,3,171.2,0.0,11,4.23,0,0,1,0,0,1314151.3,False,False,False,False,False,False,False,False,171.2,6,0
2,2,142.4,0.0,26,2.88,0,0,1,1,1,1108129.81,False,False,False,False,False,False,False,False,142.4,4,0
6,5,253.3,0.0,11,1.63,0,0,0,0,0,1557730.89,False,False,False,False,False,False,False,False,253.3,11,0
4,3,232.6,0.0,9,8.56,1,0,0,1,0,2067562.98,False,False,False,False,False,False,False,False,232.6,7,0
3,2,194.9,0.0,0,10.3,0,0,0,0,1,1223047.87,False,False,False,False,False,False,False,False,194.9,5,0
3,3,169.2,348.8,1,29.27,1,0,1,0,0,789651.34,False,False,True,False,False,True,False,False,169.2,6,1
1,1,80.6,133.3,14,9.91,1,0,1,0,1,679461.99,False,False,False,False,True,True,False,False,80.6,2,0
3,2,209.8,464.0,26,0.61,0,0,0,1,0,1046065.87,False,False,False,False,True,False,False,True,209.8,5,0
3,3,148.6,353.5,11,17.48,1,0,0,0,1,734770.12,False,False,True,False,False,True,False,False,148.6,6,1
2,2,137.9,313.9,5,5.27,0,0,1,1,1,803377.19,True,False,False,False,False,True,False,False,137.9,4,0
6,6,369.7,920.4,20,14.56,0,0,0,1,1,1872731.43,False,True,False,False,False,False,False,True,369.7,12,0
3,2,179.5,386.1,4,37.97,0,0,0,0,0,1328429.88,False,False,False,False,False,True,False,False,179.5,5,1
4,4,219.3,0.0,9,12.73,0,0,0,0,0,913440.91,False,True,False,False,False,False,False,False,219.3,8,0
3,2,157.3,354.6,7,16.36,1,0,1,1,0,743580.9,False,True,False,False,False,False,True,False,157.3,5,1
4,3,183.1,422.8,14,1.25,1,1,1,1,1,2803484.46,False,False,False,False,False,True,False,False,183.1,7,0
4,4,212.6,287.0,5,9.67,0,0,1,0,1,1168538.5,False,True,False,False,False,True,False,False,212.6,8,0
1,1,130.5,265.4,23,9.49,1,1,1,1,1,1592397.68,False,False,False,False,False,True,False,False,130.5,2,0
2,1,151.6,0.0,5,7.22,0,0,1,0,0,968366.68,False,False,False,False,True,False,False,False,151.6,3,0
2,1,90.1,223.9,4,6.99,0,0,1,1,0,925365.49,False,False,False,False,False,True,False,False,90.1,3,0
3,3,221.8,0.0,7,13.91,0,0,0,1,0,1379505.02,False,False,False,False,False,False,False,False,221.8,6,0
6,5,264.7,571.7,17,1.82,0,0,0,0,1,1163009.46,False,False,True,False,False,False,True,False,264.7,11,0
3,3,203.4,438.8,21,8.51,0,0,0,0,1,636635.17,False,False,False,True,False,False,False,True,203.4,6,0
4,4,169.1,333.1,22,6.39,1,0,1,1,0,892731.3,False,False,True,False,False,False,False,True,169.1,8,0
2,1,120.0,0.0,17,26.64,1,0,1,0,1,357102.07,False,False,True,False,False,False,False,False,120.0,3,1
2,2,170.4,0.0,13,7.45,0,0,0,0,1,982185.15,False,False,False,False,False,False,False,False,170.4,4,0
1,1,113.4,0.0,29,9.0,1,0,0,1,1,339279.56,False,True,False,False,False,False,False,False,113.4,2,0
4,3,170.2,0.0,15,12.31,0,0,1,1,0,338936.06,False,False,False,True,False,False,False,False,170.2,7,0
2,1,151.7,319.4,4,2.37,0,1,0,1,0,1051012.6,False,True,False,False,False,True,False,False,151.7,3,0
4,4,242.7,0.0,14,5.65,0,0,1,0,0,1826686.24,False,False,False,False,False,False,False,False,242.7,8,0
4,3,201.1,360.3,27,13.33,0,1,1,1,1,1126747.16,False,True,False,False,False,True,False,False,201.1,7,0
1,1,101.1,142.7,23,12.4,0,0,1,0,1,840765.07,False,False,False,False,False,False,False,True,101.1,2,0
5,5,227.8,484.7,8,0.58,0,0,0,1,0,2501445.07,False,False,False,False,True,True,False,False,227.8,10,0
3,2,200.1,0.0,10,11.65,0,0,0,0,1,606376.39,False,True,False,False,False,False,False,False,200.1,5,0
4,4,168.3,241.9,22,2.9,1,1,1,1,1,2341853.62,False,False,False,False,False,True,False,False,168.3,8,0
2,1,155.9,0.0,10,6.91,1,0,1,0,1,1065344.26,False,False,False,False,False,False,False,False,155.9,3,0
3,3,221.5,0.0,9,3.06,0,0,0,0,0,676475.16,True,False,False,False,False,False,False,False,221.5,6,0
4,4,183.4,0.0,25,3.32,1,0,0,1,0,929394.39,False,True,False,False,False,False,False,False,183.4,8,0
2,1,184.8,423.6,9,4.94,1,0,0,0,0,950416.69,True,False,False,False,False,False,False,True,184.8,3,0
2,2,109.2,198.8,29,12.8,1,1,1,0,0,680956.67,False,False,False,False,False,False,False,True,109.2,4,0
3,2,153.7,375.0,7,5.28,0,0,1,0,0,1175221.08,False,True,False,False,False,True,False,False,153.7,5,0
2,2,124.2,0.0,9,16.81,0,0,0,0,1,415041.97,False,False,True,False,False,False,False,False,124.2,4,1
1,1,77.9,0.0,27,2.63,0,0,0,0,1,404237.82,False,False,False,False,False,False,False,False,77.9,2,0
2,2,153.1,0.0,26,1.42,1,0,0,1,1,568204.31,True,False,False,False,False,False,False,False,153.1,4,0
2,2,121.7,0.0,19,4.45,0,0,0,1,0,297358.14,True,False,False,False,False,False,False,False,121.7,4,0
1,1,103.9,0.0,0,2.24,0,0,0,1,1,513590.27,False,False,True,False,False,False,False,False,103.9,2,0
3,2,168.1,237.1,1,1.88,0,0,1,0,0,1872080.79,False,False,False,False,False,False,False,True,168.1,5,0
6,6,264.6,0.0,2,6.34,0,0,0,1,0,1308491.84,False,False,True,False,False,False,False,False,264.6,12,0
4,3,183.1,0.0,10,2.43,0,0,0,0,0,470662.93,False,False,False,True,False,False,False,False,183.1,7,0
2,1,155.7,0.0,26,14.72,0,0,1,0,1,670143.23,False,False,False,False,False,False,False,False,155.7,3,0
2,2,102.7,211.0,14,1.47,1,0,0,0,0,659767.63,False,False,True,False,False,False,False,True,102.7,4,0
4,4,196.7,388.6,21,6.51,1,0,1,0,1,1749569.2,False,False,False,False,False,False,True,False,196.7,8,0
4,3,230.9,398.0,12,14.8,1,0,0,1,1,1654532.19,False,False,False,False,True,False,False,True,230.9,7,0
3,3,163.8,340.7,6,11.2,1,1,1,1,0,2499454.41,False,False,False,False,False,True,False,False,163.8,6,0
3,3,198.4,346.1,11,17.48,0,0,0,0,1,1002873.78,False,True,False,False,False,True,False,False,198.4,6,1
3,3,142.2,0.0,19,5.21,1,0,1,1,0,984845.42,False,False,False,False,True,False,False,False,142.2,6,0
4,4,168.4,371.4,8,2.78,0,0,1,1,1,1706908.59,False,False,False,False,False,True,False,False,168.4,8,0
1,1,35.0,0.0,20,4.09,0,0,0,0,0,88395.03,False,False,False,True,False,False,False,False,35.0,2,0
2,1,130.0,0.0,1,38.36,0,0,0,1,1,226391.04,False,False,False,True,False,False,False,False,130.0,3,1
2,2,121.5,146.6,25,5.85,1,1,1,1,0,1186681.63,False,False,False,False,False,True,False,False,121.5,4,0
1,1,135.4,0.0,25,0.84,0,0,1,1,0,984475.22,False,False,False,False,False,False,False,False,135.4,2,0
3,3,155.1,244.8,25,17.53,1,0,0,1,0,413855.95,False,False,False,True,False,True,False,False,155.1,6,1
1,1,126.2,0.0,17,4.94,1,0,0,1,0,807489.8,False,False,False,False,False,False,False,False,126.2,2,0
4,3,221.6,450.7,15,22.76,0,0,1,0,1,1056964.73,False,True,False,False,False,True,False,False,221.6,7,1
3,3,145.7,0.0,18,0.75,1,0,0,0,0,897617.91,False,False,False,False,True,False,False,False,145.7,6,0
5,5,255.6,0.0,2,3.94,0,0,0,0,1,2044335.09,False,False,False,False,False,False,False,False,255.6,10,0
5,5,217.9,497.6,24,27.38,0,0,1,0,0,701226.67,False,False,True,False,False,True,False,False,217.9,10,1
3,2,198.6,267.3,23,15.95,1,1,1,0,1,916548.72,False,True,False,False,False,True,False,False,198.6,5,1
2,2,128.9,0.0,21,1.99,0,0,1,0,0,417779.53,False,False,True,False,False,False,False,False,128.9,4,0
2,2,139.8,0.0,8,5.1,0,0,1,1,1,337517.58,False,False,False,True,False,False,False,False,139.8,4,0
5,4,237.5,300.1,3,3.52,1,0,1,0,1,1131994.68,True,False,False,False,False,False,True,False,237.5,9,0
3,3,140.4,341.2,11,1.02,0,1,1,1,1,1335036.52,False,False,False,False,True,True,False,False,140.4,6,0
2,2,92.4,177.8,3,10.46,0,0,1,0,1,527174.0,True,False,False,False,False,True,False,False,92.4,4,0
3,3,160.8,290.7,12,11.09,1,0,1,0,1,801288.21,False,False,True,False,False,False,True,False,160.8,6,0
4,4,182.4,372.4,21,4.63,1,0,1,1,0,2276805.22,False,False,False,False,False,False,False,True,182.4,8,0
4,4,223.5,0.0,15,1.29,0,0,1,1,0,1108900.7,False,False,False,False,True,False,False,False,223.5,8,0
1,1,89.5,211.7,23,0.72,0,0,0,0,1,530278.51,False,False,True,False,False,True,False,False,89.5,2,0
5,5,243.6,533.4,27,7.92,0,0,0,0,1,1126988.49,False,True,False,False,False,False,False,True,243.6,10,0
4,4,233.8,0.0,6,2.18,0,0,0,0,1,1053583.15,False,False,True,False,False,False,False,False,233.8,8,0
3,3,176.0,0.0,3,20.52,1,0,0,1,0,1075555.09,False,False,False,False,False,False,False,False,176.0,6,1
2,1,140.5,224.9,16,14.05,0,0,1,0,0,903730.91,False,False,False,False,True,False,False,True,140.5,3,0
3,2,201.5,267.8,27,6.68,0,0,1,1,0,1117161.48,False,True,False,False,False,True,False,False,201.5,5,0
3,3,149.3,203.5,14,1.0,1,0,0,0,1,899505.75,False,True,False,False,False,False,False,True,149.3,6,0
4,4,183.2,0.0,13,12.51,1,0,1,0,1,583043.42,True,False,False,False,False,False,False,False,183.2,8,0
2,1,97.1,218.3,26,13.41,0,0,1,0,0,404076.45,False,True,False,False,False,True,False,False,97.1,3,0
6,5,284.0,347.2,8,2.21,1,0,1,1,1,1669605.4,True,False,False,False,False,True,False,False,284.0,11,0
4,4,165.1,0.0,12,6.29,1,0,0,0,0,1276352.13,False,False,False,False,False,False,False,False,165.1,8,0
3,3,200.1,256.7,7,3.74,1,0,0,1,0,1913085.12,False,False,False,False,False,False,True,False,200.1,6,0
3,2,141.7,0.0,12,2.64,0,0,0,1,0,1117561.41,False,False,False,False,False,False,False,False,141.7,5,0
3,3,153.1,309.8,16,10.0,1,0,1,0,0,1631101.72,False,False,False,False,False,True,False,False,153.1,6,0
3,3,205.5,0.0,24,2.92,1,0,0,0,1,471586.31,False,False,False,True,False,False,False,False,205.5,6,0
3,3,169.1,0.0,0,8.67,0,0,0,0,1,510602.03,False,False,False,True,False,False,False,False,169.1,6,0
3,2,194.4,258.9,12,12.13,0,0,1,1,0,1852228.29,False,False,False,False,False,True,False,False,194.4,5,0
3,3,196.8,287.2,11,10.39,0,0,1,0,0,1367683.56,False,False,False,False,False,False,False,True,196.8,6,0
3,2,168.3,219.1,11,4.13,0,0,0,0,1,705350.61,False,False,False,True,False,True,False,False,168.3,5,0
5,4,280.1,0.0,28,5.28,1,0,1,0,1,1155960.02,False,False,True,False,False,False,False,False,280.1,9,0
3,3,160.6,227.2,15,19.93,0,1,0,0,1,1055797.84,False,False,False,False,True,True,False,False,160.6,6,1
4,4,231.6,339.4,6,12.32,1,1,1,1,1,1920622.08,False,False,False,False,True,True,False,False,231.6,8,0
2,1,166.9,0.0,11,4.06,1,0,0,0,0,1385214.91,False,False,False,False,False,False,False,False,166.9,3,0
4,4,234.5,0.0,27,11.62,1,0,0,0,1,1579519.61,False,False,False,False,False,False,False,False,234.5,8,0
3,2,156.7,0.0,23,21.86,0,0,1,1,0,875639.98,False,False,False,False,False,False,False,False,156.7,5,1
3,3,183.2,0.0,8,18.67,1,0,0,0,1,1210670.3,False,False,False,False,False,False,False,False,183.2,6,1
5,5,269.2,0.0,28,8.33,1,0,0,1,1,1368898.8,False,False,False,False,True,False,False,False,269.2,10,0
5,5,277.6,381.8,15,1.15,0,0,1,1,0,2570757.13,False,False,False,False,True,False,False,True,277.6,10,0
1,1,97.5,0.0,18,4.42,0,0,0,1,1,659164.3,False,False,False,False,False,False,False,False,97.5,2,0
5,5,248.9,0.0,16,2.16,0,0,0,0,1,1383852.03,False,False,False,False,True,False,False,False,248.9,10,0
6,5,277.7,0.0,23,14.3,1,0,0,0,0,791929.51,False,True,False,False,False,False,False,False,277.7,11,0
5,4,244.8,0.0,11,16.98,1,0,0,0,1,611167.57,True,False,False,False,False,False,False,False,244.8,9,1
4,4,233.6,340.8,20,4.8,0,1,0,0,1,2964523.21,False,False,False,False,False,True,False,False,233.6,8,0
2,1,167.3,259.6,21,7.17,0,0,1,0,0,1121352.99,False,False,False,False,False,True,False,False,167.3,3,0
3,3,188.3,0.0,22,5.57,1,0,0,1,1,785952.26,False,True,False,False,False,False,False,False,188.3,6,0
4,4,215.6,447.2,25,6.76,1,0,0,0,1,2064819.49,False,False,False,False,False,True,False,False,215.6,8,0
3,2,172.1,0.0,5,28.66,1,0,0,0,1,958513.82,False,False,False,False,False,False,False,False,172.1,5,1
4,3,221.8,366.2,8,16.16,0,0,0,1,0,2085268.6,False,False,False,False,False,False,False,True,221.8,7,1
4,4,180.4,0.0,24,12.93,1,0,0,0,0,613979.09,False,False,False,False,True,False,False,False,180.4,8,0
5,5,215.0,0.0,29,31.73,1,0,1,1,1,398058.51,True,False,False,False,False,False,False,False,215.0,10,1
3,2,183.9,0.0,19,37.13,0,0,1,0,0,348905.89,True,False,False,False,False,False,False,False,183.9,5,1
4,4,191.0,0.0,9,0.65,0,0,0,1,0,886960.98,False,True,False,False,False,False,False,False,191.0,8,0
5,4,205.0,343.7,9,11.95,1,0,1,0,1,1153372.21,False,True,False,False,False,False,True,False,205.0,9,0
3,3,162.8,271.4,20,18.69,0,0,0,0,0,484792.58,True,False,False,False,False,False,False,True,162.8,6,1
2,1,118.1,264.7,27,4.1,0,0,1,0,0,548388.73,False,False,False,False,True,True,False,False,118.1,3,0
5,4,229.1,0.0,2,9.84,0,0,0,0,1,966193.27,False,True,False,False,False,False,False,False,229.1,9,0
3,3,202.0,277.9,5,3.31,1,0,1,1,1,888707.56,True,False,False,False,False,False,True,False,202.0,6,0
3,3,209.6,378.0,9,7.33,0,0,0,0,0,1155908.24,False,False,False,False,True,False,False,True,209.6,6,0
4,4,171.5,0.0,24,1.94,1,0,0,1,0,815583.22,False,True,False,False,False,False,False,False,171.5,8,0
4,3,173.8,209.4,0,0.69,0,0,1,0,0,2292342.44,False,False,False,False,False,True,False,False,173.8,7,0
3,3,149.4,327.8,20,10.41,0,0,0,1,0,726101.45,False,False,True,False,False,True,False,False,149.4,6,0
3,3,208.1,0.0,20,8.28,1,0,1,0,1,806585.05,False,True,False,False,False,False,False,False,208.1,6,0
4,4,174.8,0.0,24,3.24,0,0,0,1,0,592703.12,False,True,False,False,False,False,False,False,174.8,8,0
6,6,280.0,668.2,29,0.73,0,0,0,0,1,1050069.84,True,False,False,False,False,True,False,False,280.0,12,0
6,5,247.2,0.0,17,1.83,0,0,1,0,0,854572.06,False,False,True,False,False,False,False,False,247.2,11,0
3,3,122.9,297.6,29,3.76,1,0,0,0,0,944875.25,False,False,False,False,False,True,False,False,122.9,6,0
4,3,237.1,348.3,3,9.44,0,0,0,1,1,2886296.29,False,False,False,False,False,True,False,False,237.1,7,0
3,3,148.8,341.4,20,4.96,0,0,1,0,1,533014.15,False,False,False,True,False,True,False,False,148.8,6,0
3,3,152.6,0.0,13,19.13,1,0,1,0,1,920351.0,False,False,False,False,False,False,False,False,152.6,6,1
3,2,203.4,427.9,29,1.33,0,0,0,0,1,1248877.77,False,True,False,False,False,True,False,False,203.4,5,0
6,5,315.1,495.0,15,3.06,0,0,0,0,1,4342819.87,False,False,False,False,False,True,False,False,315.1,11,0
3,2,191.9,288.9,14,7.13,0,0,0,0,0,1389007.17,False,False,False,False,True,True,False,False,191.9,5,0
2,1,140.3,262.7,21,1.46,1,0,0,0,0,960678.71,False,False,False,False,True,False,False,True,140.3,3,0
3,2,174.0,342.3,25,13.51,0,0,0,1,1,863725.65,False,False,False,False,True,False,False,True,174.0,5,0
4,4,211.7,0.0,0,3.8,0,0,0,1,0,1519438.4,False,False,False,False,False,False,False,False,211.7,8,0
1,1,138.6,317.3,1,9.04,0,0,0,1,1,1423929.06,False,False,False,False,False,False,False,True,138.6,2,0
2,1,140.3,198.5,14,10.94,1,0,0,0,0,1063595.77,False,False,False,False,False,True,False,False,140.3,3,0
2,1,138.4,300.4,18,4.84,0,0,0,0,0,1090603.31,False,False,False,False,False,True,False,False,138.4,3,0
5,5,246.6,438.3,4,15.8,1,0,1,1,1,2095913.49,False,False,False,False,True,True,False,False,246.6,10,1
6,6,249.9,398.8,16,6.57,1,0,1,1,1,3374005.82,False,False,False,False,False,True,False,False,249.9,12,0
4,4,209.3,0.0,22,2.43,0,0,0,1,0,703699.26,True,False,False,False,False,False,False,False,209.3,8,0
6,6,293.4,0.0,16,3.1,0,0,0,0,1,1625168.41,False,False,False,False,True,False,False,False,293.4,12,0
3,3,199.2,242.6,22,4.39,1,0,1,1,0,1453236.38,False,False,False,False,False,False,True,False,199.2,6,0
3,3,181.0,308.4,19,4.08,0,0,1,0,1,1063878.22,False,False,False,False,True,False,True,False,181.0,6,0
4,3,182.6,327.5,8,3.93,0,0,1,0,0,815918.23,False,False,False,True,False,True,False,False,182.6,7,0
2,1,133.6,0.0,20,15.75,0,0,1,0,1,765792.36,False,False,False,False,False,False,False,False,133.6,3,1
4,4,251.0,0.0,7,6.72,0,0,1,0,1,1265124.18,False,False,False,False,True,False,False,False,251.0,8,0
3,2,191.5,0.0,1,12.95,1,0,0,1,1,1106830.55,False,False,False,False,True,False,False,False,191.5,5,0
4,4,187.3,0.0,9,4.73,1,0,0,0,0,756279.74,True,False,False,False,False,False,False,False,187.3,8,0
5,5,220.3,277.8,3,0.68,1,0,0,0,1,3760728.73,False,False,False,False,False,True,False,False,220.3,10,0
4,3,187.8,0.0,7,27.98,1,0,0,1,1,621477.78,False,True,False,False,False,False,False,False,187.8,7,1
3,3,175.8,403.8,26,1.82,1,0,0,0,1,1284952.35,False,False,False,False,False,False,False,True,175.8,6,0
4,4,237.9,0.0,25,9.47,1,0,0,0,1,849921.19,False,False,True,False,False,False,False,False,237.9,8,0
4,4,176.5,404.1,17,36.48,1,0,1,0,0,1266002.33,False,False,False,False,False,False,False,True,176.5,8,1
4,3,232.2,507.9,27,7.85,0,0,0,0,1,1023152.68,False,True,False,False,False,False,True,False,232.2,7,0
4,3,213.9,351.9,2,5.11,1,0,1,0,0,2492762.54,False,False,False,False,False,False,False,True,213.9,7,0
4,4,217.7,524.4,20,4.44,0,0,0,1,0,1555648.36,False,False,False,False,True,True,False,False,217.7,8,0
4,4,208.3,432.6,5,7.34,1,0,0,0,0,1008300.9,False,False,False,True,False,True,False,False,208.3,8,0
4,4,225.1,439.4,27,11.95,0,0,1,1,0,1128972.56,False,True,False,False,False,False,False,True,225.1,8,0
3,2,187.3,0.0,8,1.91,1,0,0,0,1,1081643.41,False,True,False,False,False,False,False,False,187.3,5,0
4,4,204.8,391.8,16,3.62,1,0,0,1,0,2518324.87,False,False,False,False,False,True,False,False,204.8,8,0
5,4,279.0,0.0,11,3.49,0,0,1,1,0,1145294.42,False,True,False,False,False,False,False,False,279.0,9,0
3,3,200.0,0.0,7,10.14,0,0,0,1,0,1442162.79,False,False,False,False,False,False,False,False,200.0,6,0
2,2,159.0,0.0,21,3.49,1,0,0,0,1,644315.02,False,True,False,False,False,False,False,False,159.0,4,0
4,3,185.7,0.0,6,4.5,0,0,0,0,0,1277298.36,False,False,False,False,False,False,False,False,185.7,7,0
4,4,190.0,0.0,21,0.64,0,0,0,1,0,1216528.26,False,False,False,False,False,False,False,False,190.0,8,0
2,2,128.0,177.8,8,30.9,1,0,0,0,1,506883.85,False,False,True,False,False,False,False,True,128.0,4,1
6,6,258.5,469.8,12,28.18,0,1,0,0,1,658976.3,False,False,False,True,False,True,False,False,258.5,12,1
3,3,122.4,251.6,14,12.49,0,0,1,0,0,719797.34,False,False,False,False,True,False,False,True,122.4,6,0
3,3,196.4,0.0,14,8.16,0,0,0,1,1,1597210.7,False,False,False,False,False,False,False,False,196.4,6,0
3,3,193.1,0.0,0,3.07,1,0,0,1,0,1583243.51,False,False,False,False,False,False,False,False,193.1,6,0
4,4,229.9,540.3,4,12.75,1,0,0,0,0,724776.64,False,False,False,True,False,False,True,False,229.9,8,0
1,1,114.4,0.0,23,1.03,0,0,0,1,1,478922.04,False,True,False,False,False,False,False,False,114.4,2,0
5,5,230.6,0.0,22,14.39,1,0,0,0,1,968533.1,False,False,False,False,True,False,False,False,230.6,10,0
4,4,199.0,258.1,17,4.01,0,0,0,1,0,1767973.22,False,False,False,False,False,False,True,False,199.0,8,0
3,2,157.8,0.0,20,6.24,1,0,1,1,1,945492.95,False,False,False,False,True,False,False,False,157.8,5,0
3,3,169.5,328.7,20,4.6,0,0,1,0,1,727730.14,False,True,False,False,False,False,True,False,169.5,6,0
4,3,251.8,401.5,26,10.55,1,0,0,0,0,1801792.44,False,False,False,False,False,True,False,False,251.8,7,0
3,3,200.3,416.3,15,12.17,0,0,1,0,0,795589.45,False,False,False,True,False,True,False,False,200.3,6,0
6,5,259.0,0.0,29,12.17,0,0,1,0,1,925118.51,False,False,False,False,True,False,False,False,259.0,11,0
3,2,96.4,239.7,12,10.91,1,0,1,1,1,657999.22,False,False,True,False,False,True,False,False,96.4,5,0
2,1,160.5,396.4,18,7.54,0,0,1,1,0,1296307.28,False,False,False,False,False,True,False,False,160.5,3,0
3,3,173.4,419.6,18,11.91,1,0,1,1,1,2237761.57,False,False,False,False,False,True,False,False,173.4,6,0
5,4,221.1,0.0,20,5.68,0,0,0,0,1,683193.16,False,False,True,False,False,False,False,False,221.1,9,0
2,1,170.4,315.8,18,1.77,0,0,0,0,0,1576017.55,False,False,False,False,False,False,False,True,170.4,3,0
2,1,154.1,246.8,12,9.32,1,1,1,1,1,1887006.69,False,False,False,False,False,False,False,True,154.1,3,0
2,1,128.8,185.4,22,3.64,0,0,0,1,0,919544.79,False,False,False,False,False,False,False,True,128.8,3,0
3,3,164.9,0.0,24,0.91,1,0,0,0,0,711387.47,False,True,False,False,False,False,False,False,164.9,6,0
2,2,154.2,271.0,2,15.7,1,0,0,1,1,538856.63,True,False,False,False,False,False,True,False,154.2,4,1
3,3,188.1,0.0,8,15.77,0,0,0,0,0,538533.71,False,True,False,False,False,False,False,False,188.1,6,1
3,2,160.4,0.0,1,4.11,0,0,0,1,1,1624183.05,False,False,False,False,False,False,False,False,160.4,5,0
4,3,215.1,378.7,9,2.85,0,0,1,0,0,1370749.33,False,False,True,False,False,True,False,False,215.1,7,0
3,3,139.0,284.8,8,1.33,0,0,0,1,1,1614966.4,False,False,False,False,False,True,False,False,139.0,6,0
3,3,186.6,0.0,16,56.85,1,0,0,0,0,475309.38,False,False,True,False,False,False,False,False,186.6,6,1
3,3,149.2,0.0,27,25.73,0,0,1,1,1,757495.31,False,False,False,False,False,False,False,False,149.2,6,1
3,3,170.2,226.1,5,1.02,0,0,1,0,1,1120109.18,True,False,False,False,False,False,False,True,170.2,6,0
4,4,204.3,509.6,8,2.63,0,0,1,0,0,1809272.46,False,False,False,False,False,False,True,False,204.3,8,0
5,5,232.4,0.0,7,3.7,1,0,0,0,1,1309092.43,False,True,False,False,False,False,False,False,232.4,10,0
2,2,121.2,204.7,8,1.96,1,1,1,0,1,1975087.89,False,False,False,False,False,True,False,False,121.2,4,0
4,4,192.6,428.4,6,3.26,0,0,1,0,1,1266036.23,False,True,False,False,False,True,False,False,192.6,8,0
2,1,165.6,0.0,5,5.54,1,0,1,1,1,1440726.93,False,False,False,False,False,False,False,False,165.6,3,0
5,4,221.4,0.0,23,2.82,0,0,0,0,0,1082596.4,False,False,False,False,False,False,False,False,221.4,9,0
3,3,178.6,428.7,18,3.54,0,0,1,0,1,1151184.16,False,False,True,False,False,True,False,False,178.6,6,0
3,2,149.5,0.0,5,10.49,0,0,0,0,0,734630.23,False,False,False,False,True,False,False,False,149.5,5,0
4,3,219.7,0.0,21,6.79,0,0,0,1,1,1418524.67,False,False,False,False,False,False,False,False,219.7,7,0
3,3,174.7,0.0,16,38.13,0,0,0,0,1,452285.47,False,True,False,False,False,False,False,False,174.7,6,1
4,3,256.3,513.9,2,9.41,0,0,1,1,1,2510287.55,False,False,False,False,False,False,True,False,256.3,7,0
3,3,142.9,234.4,0,7.84,1,0,0,1,1,726441.49,True,False,False,False,False,False,False,True,142.9,6,0
4,3,226.9,0.0,11,14.06,1,0,0,1,1,1720056.25,False,False,False,False,False,False,False,False,226.9,7,0
3,3,172.7,408.3,10,0.73,1,1,0,1,0,1534378.76,False,False,True,False,False,False,False,True,172.7,6,0
4,4,182.9,457.0,6,11.89,1,0,1,0,1,1918858.77,False,False,False,False,False,True,False,False,182.9,8,0
2,2,141.3,0.0,6,11.13,1,0,0,0,1,862824.68,False,False,False,False,True,False,False,False,141.3,4,0
2,2,158.2,301.9,6,5.1,0,0,1,1,0,909969.29,False,False,True,False,False,False,False,True,158.2,4,0
6,6,224.4,0.0,15,5.62,1,0,1,1,0,1327667.06,False,False,False,False,False,False,False,False,224.4,12,0
4,4,248.0,0.0,29,5.17,1,0,1,1,1,1674758.02,False,False,False,False,False,False,False,False,248.0,8,0
3,3,148.6,0.0,19,3.45,1,0,0,0,0,508057.4,False,False,True,False,False,False,False,False,148.6,6,0
3,3,191.4,0.0,4,6.02,1,0,0,0,1,1630263.62,False,False,False,False,False,False,False,False,191.4,6,0
3,3,199.6,452.1,7,7.35,0,0,1,0,0,1887918.48,False,False,False,False,False,False,False,True,199.6,6,0
2,1,161.7,263.2,27,9.6,1,0,0,0,1,866208.43,False,True,False,False,False,True,False,False,161.7,3,0
3,3,159.2,287.5,25,1.88,0,0,0,0,1,1333913.27,False,False,False,False,False,False,False,True,159.2,6,0
6,6,317.8,695.8,5,1.24,0,1,1,1,0,4829353.55,False,False,False,False,False,True,False,False,317.8,12,0
3,2,203.8,0.0,13,21.7,0,0,1,1,1,1305439.31,False,False,False,False,False,False,False,False,203.8,5,1
2,2,151.9,0.0,3,16.48,0,0,0,1,0,541001.68,False,False,True,False,False,False,False,False,151.9,4,1
1,1,130.5,0.0,1,1.55,1,0,0,0,1,807020.21,False,True,False,False,False,False,False,False,130.5,2,0
4,4,182.0,427.5,19,6.69,0,0,0,1,1,706244.87,False,False,False,True,False,True,False,False,182.0,8,0
6,6,256.0,554.0,18,1.81,0,0,1,0,1,1369045.88,False,False,True,False,False,True,False,False,256.0,12,0
2,2,118.1,153.1,24,1.29,1,0,0,0,0,867663.12,False,False,False,False,True,True,False,False,118.1,4,0
4,4,241.8,369.0,10,1.7,0,0,0,0,1,2430193.94,False,False,False,False,False,False,False,True,241.8,8,0
2,1,140.3,0.0,25,8.62,1,0,1,0,1,903415.86,False,False,False,False,False,False,False,False,140.3,3,0
3,2,192.5,439.9,13,4.43,0,0,1,0,1,2234790.13,False,False,False,False,False,True,False,False,192.5,5,0
4,3,256.3,0.0,12,5.75,1,0,0,1,1,2565480.32,False,False,False,False,False,False,False,False,256.3,7,0
6,5,284.2,562.1,19,4.93,1,0,0,1,0,3153905.45,False,False,False,False,False,False,False,True,284.2,11,0
2,2,139.6,312.1,7,4.18,1,1,0,1,0,2367669.67,False,False,False,False,False,True,False,False,139.6,4,0
6,5,299.6,0.0,3,15.35,0,0,0,0,0,946824.37,False,True,False,False,False,False,False,False,299.6,11,1
5,4,244.6,320.3,29,21.79,0,0,0,0,1,1033683.47,False,False,False,False,True,True,False,False,244.6,9,1
4,4,233.5,439.8,10,5.45,0,0,1,1,0,1382819.07,False,False,True,False,False,False,False,True,233.5,8,0
2,2,106.1,151.0,5,13.04,1,0,1,1,1,1185493.38,False,False,False,False,False,False,False,True,106.1,4,0
2,2,109.8,202.7,5,5.59,1,0,1,0,1,1239611.22,False,False,False,False,False,False,False,True,109.8,4,0
5,5,257.1,551.0,29,16.11,0,0,0,0,0,971214.13,False,False,False,False,True,False,False,True,257.1,10,1
4,4,178.5,0.0,21,8.99,1,0,0,1,0,382316.1,False,False,False,True,False,False,False,False,178.5,8,0
3,3,162.5,354.5,9,1.71,1,0,1,1,1,1180793.02,False,False,True,False,False,False,False,True,162.5,6,0
3,3,135.3,243.5,7,2.37,1,0,0,0,0,1679976.3,False,False,False,False,False,True,False,False,135.3,6,0
2,1,112.3,0.0,6,2.22,0,0,0,1,0,765811.95,False,False,False,False,False,False,False,False,112.3,3,0
3,3,151.7,0.0,23,27.42,0,0,0,0,1,510500.35,False,False,False,False,False,False,False,False,151.7,6,1
4,4,240.8,417.8,20,6.76,0,0,1,1,0,1027591.47,True,False,False,False,False,False,False,True,240.8,8,0
2,2,116.3,225.9,19,10.98,0,1,0,1,1,516350.05,True,False,False,False,False,True,False,False,116.3,4,0
2,1,101.4,252.5,14,2.27,0,0,0,1,1,563805.34,False,False,True,False,False,True,False,False,101.4,3,0
3,2,173.5,331.5,0,3.77,0,0,1,0,0,719991.16,True,False,False,False,False,True,False,False,173.5,5,0
4,3,225.8,0.0,29,2.72,1,0,0,1,0,693915.97,True,False,False,False,False,False,False,False,225.8,7,0
4,3,214.4,419.4,8,14.64,1,0,1,0,0,887921.07,False,False,False,True,False,True,False,False,214.4,7,0
3,3,189.9,0.0,3,2.15,1,0,0,1,0,900383.4,False,False,True,False,False,False,False,False,189.9,6,0
4,4,193.6,249.1,26,2.94,0,0,0,0,1,1845930.65,False,False,False,False,False,False,False,True,193.6,8,0
4,3,211.4,470.4,19,0.89,1,0,0,0,1,1867940.93,False,False,False,False,False,False,True,False,211.4,7,0
3,3,174.5,0.0,28,1.43,1,0,0,0,0,619218.89,False,False,False,False,True,False,False,False,174.5,6,0
2,2,150.8,189.7,5,34.43,0,0,0,0,0,948456.77,False,False,False,False,False,True,False,False,150.8,4,1
4,3,212.3,0.0,27,4.92,0,0,0,0,1,848640.51,False,False,False,False,True,False,False,False,212.3,7,0
2,1,112.8,245.5,15,2.85,1,0,1,0,0,1072208.92,False,False,False,False,True,True,False,False,112.8,3,0
4,3,205.5,0.0,26,2.13,1,0,1,0,1,1136382.98,False,False,False,False,False,False,False,False,205.5,7,0
4,4,208.9,0.0,23,4.6,0,0,0,0,0,806193.63,False,False,True,False,False,False,False,False,208.9,8,0
4,4,213.6,293.9,29,35.54,0,0,1,1,1,612426.8,False,True,False,False,False,False,True,False,213.6,8,1
3,3,155.5,0.0,29,2.16,1,0,0,1,0,416285.31,False,False,True,False,False,False,False,False,155.5,6,0
3,2,193.4,479.0,13,6.54,0,0,1,1,0,1850749.83,False,False,False,False,False,False,False,True,193.4,5,0
2,2,154.5,204.5,3,12.09,1,0,1,1,1,907303.46,True,False,False,False,False,True,False,False,154.5,4,0
5,5,232.3,0.0,13,6.81,1,0,0,1,1,2112752.34,False,False,False,False,False,False,False,False,232.3,10,0
1,1,112.6,139.5,0,5.53,0,0,0,1,0,1086960.19,False,False,False,False,False,False,False,True,112.6,2,0
4,4,202.5,401.9,4,0.78,0,0,1,0,1,822764.94,False,False,False,True,False,False,False,True,202.5,8,0
2,2,102.6,0.0,3,4.04,1,0,1,1,0,430146.19,False,False,False,False,True,False,False,False,102.6,4,0
4,3,183.0,0.0,26,7.89,1,0,0,1,1,753126.39,False,True,False,False,False,False,False,False,183.0,7,0
5,4,247.5,0.0,10,12.59,0,0,0,1,0,740375.17,True,False,False,False,False,False,False,False,247.5,9,0
4,3,169.3,324.8,8,2.89,0,0,1,1,0,1680284.19,False,False,False,False,False,True,False,False,169.3,7,0
3,3,172.2,0.0,27,2.65,0,0,0,1,1,857023.67,False,False,False,False,True,False,False,False,172.2,6,0
2,2,112.8,267.1,12,9.11,1,0,0,0,0,481547.05,True,False,False,False,False,False,False,True,112.8,4,0
3,3,163.7,211.7,13,11.23,0,1,0,0,1,1386176.24,False,False,False,False,False,True,False,False,163.7,6,0
3,3,160.1,264.1,22,15.07,1,0,1,1,1,1124122.78,False,False,False,False,False,True,False,False,160.1,6,1
2,1,165.8,243.6,15,12.17,1,0,0,0,0,1475858.46,False,False,False,False,False,False,False,True,165.8,3,0
1,1,122.9,0.0,6,1.47,1,0,0,1,0,643640.92,True,False,False,False,False,False,False,False,122.9,2,0
3,2,206.3,0.0,27,1.3,1,0,0,0,1,825522.33,False,True,False,False,False,False,False,False,206.3,5,0
2,2,103.7,190.7,10,4.17,0,0,0,1,1,926610.05,False,False,False,False,False,False,False,True,103.7,4,0
4,4,206.0,0.0,10,2.98,1,0,1,0,1,895480.25,False,True,False,False,False,False,False,False,206.0,8,0
4,3,198.6,482.7,27,25.3,1,0,1,1,1,802041.44,False,False,False,False,True,False,True,False,198.6,7,1
4,4,211.8,0.0,13,27.27,0,0,0,0,0,928385.62,False,False,False,False,False,False,False,False,211.8,8,1
4,3,220.0,282.4,21,6.16,1,0,0,1,1,1390383.77,False,False,False,False,True,True,False,False,220.0,7,0
2,2,179.2,436.8,17,3.35,1,0,0,1,1,1152758.13,False,False,True,False,False,False,False,True,179.2,4,0
6,5,231.9,0.0,6,6.01,1,0,0,0,1,714288.0,False,False,False,True,False,False,False,False,231.9,11,0
4,4,169.6,0.0,18,6.12,0,0,1,0,0,328242.62,False,False,False,True,False,False,False,False,169.6,8,0
3,2,136.7,307.2,0,0.59,1,0,1,0,0,2008591.96,False,False,False,False,False,True,False,False,136.7,5,0
4,3,213.3,0.0,27,10.41,1,0,0,0,0,689194.23,False,True,False,False,False,False,False,False,213.3,7,0
2,2,111.7,263.9,25,0.84,0,0,1,1,1,470859.08,True,False,False,False,False,True,False,False,111.7,4,0
3,3,157.1,0.0,18,3.57,1,0,0,0,1,1130498.07,False,False,False,False,False,False,False,False,157.1,6,0
4,4,222.8,0.0,16,1.03,1,0,1,0,0,1762666.0,False,False,False,False,False,False,False,False,222.8,8,0
3,3,202.6,0.0,6,1.61,1,0,0,0,0,1117310.08,False,True,False,False,False,False,False,False,202.6,6,0
6,6,263.5,0.0,26,0.93,1,0,0,0,1,1944049.43,False,False,False,False,False,False,False,False,263.5,12,0
3,3,156.5,0.0,28,7.44,1,0,0,1,0,682337.56,False,False,False,False,True,False,False,False,156.5,6,0
5,5,222.7,367.2,17,6.76,1,0,1,1,1,1623243.59,False,False,False,False,True,False,False,True,222.7,10,0
1,1,38.9,0.0,10,16.5,0,0,1,0,0,96193.07,False,True,False,False,False,False,False,False,38.9,2,1
3,2,172.5,0.0,11,34.93,0,0,1,1,0,578209.76,False,False,False,False,True,False,False,False,172.5,5,1
3,3,159.6,371.7,11,25.59,0,0,1,0,1,874184.37,False,False,False,False,False,False,True,False,159.6,6,1
4,3,178.3,397.7,9,6.36,0,0,1,1,1,1571330.4,False,True,False,False,False,True,False,False,178.3,7,0
3,2,149.2,0.0,4,2.69,1,0,1,0,0,741813.98,False,False,True,False,False,False,False,False,149.2,5,0
5,4,207.9,359.5,29,1.77,0,0,1,0,0,1296104.21,False,False,False,False,False,False,False,True,207.9,9,0
1,1,85.1,0.0,7,20.63,0,0,0,0,0,324308.45,False,False,False,False,True,False,False,False,85.1,2,1
5,5,255.9,0.0,15,9.6,1,0,0,0,0,1145279.02,False,False,False,False,True,False,False,False,255.9,10,0
2,1,149.4,0.0,29,1.53,0,0,1,1,0,904499.73,False,False,False,False,False,False,False,False,149.4,3,0
2,2,135.3,0.0,10,12.58,1,0,0,0,1,808884.09,False,False,False,False,False,False,False,False,135.3,4,0
2,1,129.2,318.4,5,6.28,0,0,1,1,1,770766.51,False,True,False,False,False,False,True,False,129.2,3,0
2,1,125.9,157.9,13,2.23,1,0,0,0,1,1078289.45,False,False,False,False,True,True,False,False,125.9,3,0
3,2,171.6,322.2,8,11.78,0,0,1,0,1,1676495.54,False,False,False,False,False,True,False,False,171.6,5,0
5,5,282.0,588.2,24,1.47,0,0,0,1,0,1449054.91,False,False,True,False,False,False,False,True,282.0,10,0
2,1,146.6,284.4,10,4.39,0,0,0,0,1,622458.84,True,False,False,False,False,True,False,False,146.6,3,0
2,1,161.3,0.0,7,15.61,0,0,0,1,1,366016.94,False,False,False,True,False,False,False,False,161.3,3,1
3,2,156.5,0.0,19,1.19,0,0,0,0,0,1206750.76,False,False,False,False,False,False,False,False,156.5,5,0
2,1,178.7,0.0,8,12.96,0,0,0,0,1,1278656.64,False,False,False,False,False,False,False,False,178.7,3,0
2,1,182.9,0.0,16,8.67,0,0,0,0,0,791983.57,False,False,False,False,True,False,False,False,182.9,3,0
4,4,228.6,491.2,16,2.07,1,1,1,0,1,2059746.09,False,False,False,False,True,False,False,True,228.6,8,0
3,3,235.1,424.7,13,3.52,0,0,1,0,1,1708519.97,False,True,False,False,False,True,False,False,235.1,6,0
1,1,84.9,131.0,7,14.37,0,0,1,1,1,532908.16,False,False,False,False,True,False,True,False,84.9,2,0
3,2,161.8,0.0,24,5.74,0,0,0,0,1,456255.93,False,False,True,False,False,False,False,False,161.8,5,0
3,3,147.6,365.6,4,28.39,0,0,1,0,0,1054886.01,False,False,False,False,False,True,False,False,147.6,6,1
5,5,242.1,0.0,28,3.15,0,0,0,0,0,522044.43,True,False,False,False,False,False,False,False,242.1,10,0
4,3,214.4,287.1,24,2.09,1,0,1,0,0,1250752.97,False,False,True,False,False,True,False,False,214.4,7,0
3,3,154.1,322.2,15,8.77,0,0,1,1,0,882284.03,False,True,False,False,False,True,False,False,154.1,6,0
3,3,173.5,302.3,7,8.75,1,0,0,1,1,1337624.24,False,False,False,False,True,False,True,False,173.5,6,0
4,4,247.7,0.0,16,4.6,0,0,0,0,1,1550304.04,False,False,False,False,False,False,False,False,247.7,8,0
4,4,215.9,319.5,4,3.83,1,0,1,1,1,1270933.78,False,False,True,False,False,False,True,False,215.9,8,0
2,2,150.5,333.3,22,3.99,1,0,1,0,0,1332924.7,False,False,False,False,False,True,False,False,150.5,4,0
3,3,184.6,0.0,13,7.17,0,0,1,0,0,738233.08,False,False,True,False,False,False,False,False,184.6,6,0
2,1,128.7,321.1,14,1.36,0,0,1,0,0,890414.6,False,False,False,False,False,False,True,False,128.7,3,0
5,4,271.0,561.2,15,8.58,1,0,0,0,0,2856281.27,False,False,False,False,False,True,False,False,271.0,9,0
3,3,205.6,340.9,13,0.72,0,0,0,1,1,929131.95,False,True,False,False,False,False,True,False,205.6,6,0
4,3,247.4,396.0,11,1.88,1,0,1,1,0,2209507.95,False,True,False,False,False,True,False,False,247.4,7,0
3,2,167.7,379.4,5,4.78,1,0,1,1,0,998593.54,True,False,False,False,False,True,False,False,167.7,5,0
3,3,153.4,362.7,21,15.48,0,0,1,1,0,1438677.65,False,False,False,False,False,True,False,False,153.4,6,1
2,1,149.2,0.0,8,16.49,0,0,0,0,1,531243.7,False,False,True,False,False,False,False,False,149.2,3,1
3,2,172.7,0.0,27,3.04,0,0,0,0,1,946933.71,False,False,False,False,False,False,False,False,172.7,5,0
4,4,200.4,407.5,27,10.1,0,0,0,1,1,728291.67,False,True,False,False,False,False,False,True,200.4,8,0
4,3,215.6,437.3,21,2.59,1,0,1,0,0,1360057.5,False,False,True,False,False,True,False,False,215.6,7,0
3,3,193.8,0.0,24,3.88,0,0,0,1,1,701177.19,False,True,False,False,False,False,False,False,193.8,6,0
4,4,136.2,225.1,29,5.88,0,0,1,1,1,797601.22,False,False,False,False,False,False,True,False,136.2,8,0
3,3,151.2,188.9,7,4.09,0,0,1,0,1,840594.15,False,False,True,False,False,True,False,False,151.2,6,0
4,4,227.3,344.0,18,7.54,0,0,1,0,0,2175583.01,False,False,False,False,False,True,False,False,227.3,8,0
1,1,128.4,0.0,16,8.89,0,0,0,0,1,764763.53,False,False,False,False,False,False,False,False,128.4,2,0
3,2,201.0,256.0,0,4.31,0,0,1,0,1,897998.04,False,False,False,True,False,True,False,False,201.0,5,0
4,4,182.4,0.0,19,9.38,0,0,0,1,0,975792.85,False,False,False,False,False,False,False,False,182.4,8,0
2,2,100.4,0.0,29,10.51,0,0,0,0,1,429086.47,False,False,False,False,True,False,False,False,100.4,4,0
6,6,279.6,650.6,9,6.21,0,0,1,0,1,3161076.59,False,False,False,False,False,True,False,False,279.6,12,0
4,3,211.4,0.0,10,3.86,1,0,0,0,0,793333.9,False,False,False,True,False,False,False,False,211.4,7,0
4,3,193.0,332.9,6,4.7,0,0,0,0,1,1717903.98,False,False,False,False,False,True,False,False,193.0,7,0
3,3,193.1,0.0,13,8.09,1,0,0,1,1,1179376.37,False,False,False,False,True,False,False,False,193.1,6,0
4,4,196.7,0.0,22,10.14,0,0,1,0,0,1117940.39,False,False,False,False,False,False,False,False,196.7,8,0
3,2,108.7,179.6,9,1.44,0,0,0,1,1,1241540.94,False,False,False,False,False,True,False,False,108.7,5,0
1,1,110.0,0.0,15,7.7,0,0,0,1,1,731435.33,False,False,False,False,False,False,False,False,110.0,2,0
3,2,211.7,487.9,16,9.77,1,0,1,1,0,1245091.4,True,False,False,False,False,True,False,False,211.7,5,0
5,4,226.5,0.0,21,0.7,0,0,0,0,1,774253.59,False,False,True,False,False,False,False,False,226.5,9,0
5,5,243.4,364.5,3,16.81,1,0,1,1,1,2388779.78,False,False,False,False,False,False,False,True,243.4,10,1
3,3,181.2,283.8,25,1.95,0,0,0,1,0,721756.99,True,False,False,False,False,False,False,True,181.2,6,0
1,1,124.1,255.9,4,1.79,0,0,1,1,0,944210.79,False,False,False,False,True,False,True,False,124.1,2,0
2,2,206.7,0.0,22,8.92,1,0,1,0,0,1254012.31,False,False,False,False,False,False,False,False,206.7,4,0
3,2,138.3,321.1,14,0.74,1,0,1,0,1,1301251.88,False,True,False,False,False,True,False,False,138.3,5,0
2,1,172.4,384.0,17,9.32,1,0,1,1,1,1432074.7,False,False,False,False,False,False,True,False,172.4,3,0
4,3,176.4,217.2,12,9.9,1,0,1,0,0,1396096.26,False,False,False,False,False,False,False,True,176.4,7,0
2,2,144.1,249.6,5,19.82,0,0,1,1,0,533373.86,True,False,False,False,False,False,True,False,144.1,4,1
3,3,162.6,303.5,25,1.98,0,0,1,1,1,1325800.86,False,False,False,False,True,True,False,False,162.6,6,0
1,1,85.4,0.0,6,7.85,0,0,0,1,0,551125.04,False,False,False,False,False,False,False,False,85.4,2,0
5,5,246.9,0.0,12,5.15,0,0,1,1,0,1054563.25,False,True,False,False,False,False,False,False,246.9,10,0
2,2,117.2,0.0,19,18.26,0,0,0,1,1,627953.55,False,False,False,False,False,False,False,False,117.2,4,1
2,2,154.4,376.1,0,2.68,1,1,1,0,0,1631757.5,False,True,False,False,False,False,False,True,154.4,4,0
2,1,132.3,0.0,3,6.2,0,0,0,0,1,762741.26,False,False,False,False,True,False,False,False,132.3,3,0
5,5,238.5,0.0,26,4.14,1,0,0,1,1,1635022.9,False,False,False,False,False,False,False,False,238.5,10,0
3,3,192.7,292.9,17,3.46,0,0,1,0,1,1651410.82,False,False,False,False,True,True,False,False,192.7,6,0
3,2,179.3,0.0,2,9.68,0,0,0,0,1,599540.59,True,False,False,False,False,False,False,False,179.3,5,0
3,3,155.9,354.4,24,19.54,0,1,1,1,0,1223499.18,False,False,False,False,False,True,False,False,155.9,6,1
3,3,181.5,266.7,1,3.13,0,0,1,0,1,1390529.36,False,True,False,False,False,False,False,True,181.5,6,0
1,1,104.3,0.0,20,18.96,1,0,0,0,1,235063.65,False,False,True,False,False,False,False,False,104.3,2,1
3,3,174.6,0.0,27,6.1,0,0,1,0,0,409651.82,True,False,False,False,False,False,False,False,174.6,6,0
4,4,243.7,473.9,4,1.76,0,0,1,1,0,1138003.71,True,False,False,False,False,False,True,False,243.7,8,0
3,3,159.8,0.0,27,9.33,0,0,0,1,0,687470.41,False,False,False,False,True,False,False,False,159.8,6,0
5,4,232.9,0.0,22,8.47,1,0,0,0,1,738918.14,False,False,True,False,False,False,False,False,232.9,9,0
4,4,223.2,350.7,10,8.47,1,0,1,0,0,2582865.22,False,False,False,False,False,True,False,False,223.2,8,0
3,3,236.6,0.0,17,18.39,1,0,0,0,1,885726.93,False,False,False,False,True,False,False,False,236.6,6,1
3,3,215.4,0.0,12,8.79,1,0,0,1,0,1686796.01,False,False,False,False,False,False,False,False,215.4,6,0
2,2,132.7,234.1,10,8.86,1,0,0,1,1,979624.23,False,True,False,False,False,True,False,False,132.7,4,0
3,3,132.9,237.6,28,45.99,1,0,0,0,1,432517.9,False,False,True,False,False,False,False,True,132.9,6,1
4,4,195.4,0.0,12,15.08,1,0,1,1,1,967811.1,False,True,False,False,False,False,False,False,195.4,8,1
4,4,197.5,0.0,26,1.17,1,0,0,1,1,1652018.73,False,False,False,False,False,False,False,False,197.5,8,0
4,4,252.5,0.0,10,2.39,1,0,1,0,0,1059867.12,False,True,False,False,False,False,False,False,252.5,8,0
6,6,252.9,412.3,0,5.45,0,1,1,0,1,1734721.39,False,False,True,False,False,False,False,True,252.9,12,0
3,2,202.3,478.7,16,0.91,0,0,0,0,0,1493643.65,False,False,False,False,False,False,True,False,202.3,5,0
3,2,156.0,370.9,0,31.49,1,1,1,1,1,1920861.96,False,False,False,False,False,True,False,False,156.0,5,1
5,4,247.4,440.8,6,1.73,0,0,0,1,0,2518322.09,False,False,False,False,False,False,True,False,247.4,9,0
5,5,234.6,0.0,27,1.65,0,0,1,1,1,1720407.31,False,False,False,False,False,False,False,False,234.6,10,0
4,4,193.8,307.8,3,3.78,1,0,1,1,0,1510402.41,False,False,False,False,True,True,False,False,193.8,8,0
3,3,151.5,319.5,26,1.86,1,0,0,0,0,790300.84,False,True,False,False,False,True,False,False,151.5,6,0
3,2,133.5,262.4,3,8.67,0,1,1,0,1,1419827.5,False,False,False,False,False,False,False,True,133.5,5,0
2,1,145.5,195.5,28,18.53,0,0,1,0,0,377835.48,True,False,False,False,False,True,False,False,145.5,3,1
3,2,183.2,0.0,26,1.37,0,0,0,0,1,897675.84,False,False,False,False,False,False,False,False,183.2,5,0
3,2,167.7,236.7,12,10.2,0,0,1,0,0,1333633.75,False,False,False,False,False,False,False,True,167.7,5,0
2,1,156.2,0.0,12,7.07,0,0,1,1,1,1001043.3,False,False,False,False,False,False,False,False,156.2,3,0
3,2,173.1,0.0,2,5.05,1,0,0,0,0,541176.28,False,False,False,True,False,False,False,False,173.1,5,0
3,3,164.3,213.5,13,6.19,1,0,0,0,0,896893.43,False,True,False,False,False,False,False,True,164.3,6,0
3,3,188.7,337.4,28,3.65,0,0,0,0,1,1539254.25,False,False,False,False,False,False,False,True,188.7,6,0
3,2,178.8,0.0,5,6.28,1,0,1,0,1,1587155.04,False,False,False,False,False,False,False,False,178.8,5,0
4,4,231.4,488.5,29,17.32,1,1,1,0,1,1334293.17,False,False,False,False,True,False,False,True,231.4,8,1
3,3,187.6,0.0,8,10.77,1,0,0,1,1,567305.73,False,False,False,True,False,False,False,False,187.6,6,0
5,4,272.5,443.5,9,6.25,1,0,0,1,1,2600935.56,False,False,False,False,True,False,True,False,272.5,9,0
2,1,166.9,332.1,22,11.56,0,0,0,1,0,690058.15,False,True,False,False,False,True,False,False,166.9,3,0
5,5,243.1,368.5,1,6.19,0,1,0,0,1,2635811.3,False,False,False,False,False,False,False,True,243.1,10,0
3,3,192.8,344.8,11,17.95,1,0,1,0,1,1809216.45,False,False,False,False,False,True,False,False,192.8,6,1
4,4,195.4,344.8,21,5.46,0,1,0,1,1,726345.87,False,False,False,True,False,True,False,False,195.4,8,0
4,4,180.1,223.3,2,0.82,0,0,1,0,0,1083074.85,False,False,False,False,True,False,True,False,180.1,8,0
2,1,125.7,0.0,15,2.39,0,0,0,0,1,486324.24,False,False,True,False,False,False,False,False,125.7,3,0
3,2,193.4,385.8,4,5.04,1,0,1,0,0,1286551.2,False,True,False,False,False,True,False,False,193.4,5,0
6,5,269.5,413.6,3,1.23,0,0,1,1,0,1539095.02,False,False,False,True,False,True,False,False,269.5,11,0
6,6,277.9,340.4,22,25.32,0,1,1,1,0,962785.83,False,False,True,False,False,True,False,False,277.9,12,1
5,4,212.9,304.8,19,19.44,0,0,1,1,0,597078.75,False,False,False,True,False,True,False,False,212.9,9,1
3,3,178.5,0.0,2,3.78,0,0,0,0,1,1459680.25,False,False,False,False,False,False,False,False,178.5,6,0
2,2,154.5,341.2,18,2.67,1,0,1,1,1,981530.72,False,True,False,False,False,False,False,True,154.5,4,0
4,4,214.8,0.0,13,15.59,0,0,1,1,1,697338.32,False,False,True,False,False,False,False,False,214.8,8,1
4,4,244.2,562.5,10,12.69,1,0,0,1,1,1995912.31,False,False,False,False,True,True,False,False,244.2,8,0
3,3,190.9,233.0,23,6.76,0,0,0,0,0,1223592.25,False,False,False,False,False,False,False,True,190.9,6,0
4,3,232.8,0.0,5,9.91,1,0,0,0,1,1192483.35,False,True,False,False,False,False,False,False,232.8,7,0
2,2,161.6,375.4,29,1.26,0,0,1,1,1,833559.95,False,False,True,False,False,True,False,False,161.6,4,0
3,2,190.1,0.0,21,2.39,0,0,0,0,0,662697.33,False,True,False,False,False,False,False,False,190.1,5,0
4,3,204.7,327.8,0,3.93,0,0,1,0,1,1680390.3,False,False,True,False,False,True,False,False,204.7,7,0
2,2,152.4,0.0,8,12.72,0,0,0,0,0,899800.03,False,False,False,False,False,False,False,False,152.4,4,0
5,4,277.3,0.0,19,2.45,0,0,1,1,1,1353176.96,False,False,False,False,True,False,False,False,277.3,9,0
2,1,164.1,259.8,25,15.93,1,0,1,1,1,577624.33,False,True,False,False,False,False,True,False,164.1,3,1
6,5,289.7,412.0,17,8.33,1,0,0,0,0,3017360.73,False,False,False,False,False,True,False,False,289.7,11,0
1,1,127.6,222.5,15,3.19,1,0,1,1,1,924494.08,False,False,True,False,False,True,False,False,127.6,2,0
6,6,302.4,0.0,4,0.81,0,0,0,0,1,1313528.65,True,False,False,False,False,False,False,False,302.4,12,0
5,5,297.0,478.3,21,6.94,1,0,1,1,0,2721226.97,False,False,False,False,False,False,True,False,297.0,10,0
3,2,156.6,0.0,22,8.36,0,0,1,0,0,322981.85,False,False,False,True,False,False,False,False,156.6,5,0
4,4,208.8,338.0,3,1.08,1,1,0,1,1,2724045.02,False,False,False,False,True,True,False,False,208.8,8,0
6,6,284.9,0.0,1,15.82,1,0,0,1,1,2247685.03,False,False,False,False,False,False,False,False,284.9,12,1
6,6,264.4,441.5,27,14.4,0,0,0,0,1,1215890.77,False,True,False,False,False,True,False,False,264.4,12,0
4,3,216.9,0.0,21,38.05,1,0,0,1,0,623632.14,False,False,False,False,True,False,False,False,216.9,7,1
1,1,126.9,307.4,9,4.8,0,0,0,1,1,801190.08,False,True,False,False,False,True,False,False,126.9,2,0
4,4,211.1,526.0,26,6.45,1,0,1,0,0,518303.7,False,False,False,True,False,False,False,True,211.1,8,0
3,3,158.7,368.8,25,1.16,0,1,0,0,1,656462.21,False,False,False,True,False,True,False,False,158.7,6,0
2,1,147.0,305.7,29,12.14,1,0,1,1,0,639278.49,False,False,False,False,True,False,True,False,147.0,3,0
2,2,129.9,0.0,9,5.48,1,0,1,1,1,488063.69,True,False,False,False,False,False,False,False,129.9,4,0
1,1,107.0,142.1,1,0.64,1,0,0,0,1,907256.47,False,True,False,False,False,True,False,False,107.0,2,0
1,1,100.7,0.0,8,3.93,1,0,0,1,0,494717.11,False,False,False,False,True,False,False,False,100.7,2,0
3,3,119.2,292.5,25,8.7,1,0,1,0,1,652279.14,False,True,False,False,False,False,False,True,119.2,6,0
2,2,136.4,271.8,5,14.21,1,1,0,1,1,1124558.45,False,False,False,False,True,True,False,False,136.4,4,0
6,6,237.9,326.1,8,38.26,0,0,0,0,1,883587.53,False,True,False,False,False,False,False,True,237.9,12,1
3,3,145.6,0.0,25,8.75,0,0,0,1,0,824538.78,False,False,False,False,False,False,False,False,145.6,6,0
3,3,175.1,0.0,1,5.94,0,0,0,0,1,771218.76,False,True,False,False,False,False,False,False,175.1,6,0
5,4,291.6,538.1,25,8.99,0,0,1,0,1,1806506.14,False,True,False,False,False,True,False,False,291.6,9,0
2,2,135.4,217.1,9,3.1,1,0,0,0,1,602346.16,False,False,False,True,False,False,False,True,135.4,4,0
3,3,177.6,299.7,12,43.67,0,0,1,1,1,852188.91,False,False,False,False,False,False,True,False,177.6,6,1
2,2,90.4,0.0,14,5.21,1,0,1,0,0,277159.51,True,False,False,False,False,False,False,False,90.4,4,0
3,3,174.6,330.4,27,6.2,0,0,1,0,1,1164311.67,False,False,False,False,True,True,False,False,174.6,6,0
3,3,192.7,266.3,22,2.08,1,0,1,0,1,697736.63,True,False,False,False,False,False,True,False,192.7,6,0
2,1,130.5,189.2,21,9.57,0,0,1,1,1,492244.17,False,True,False,False,False,False,True,False,130.5,3,0
2,2,166.4,353.1,25,2.04,0,0,1,0,0,1708791.37,False,False,False,False,False,True,False,False,166.4,4,0
2,2,161.1,264.6,13,1.58,1,1,0,0,1,1222771.07,False,True,False,False,False,False,False,True,161.1,4,0
1,1,80.2,111.8,17,8.12,0,1,1,1,1,415919.04,True,False,False,False,False,True,False,False,80.2,2,0
4,4,223.1,0.0,25,12.59,0,0,0,1,0,779128.58,False,True,False,False,False,False,False,False,223.1,8,0
5,4,225.5,0.0,3,12.95,0,0,0,0,1,968558.92,False,True,False,False,False,False,False,False,225.5,9,0
3,3,194.5,463.2,10,0.5,0,0,0,0,0,1195567.67,False,True,False,False,False,True,False,False,194.5,6,0
3,2,187.2,455.6,6,10.8,1,0,1,0,0,1270226.65,False,False,False,False,True,False,False,True,187.2,5,0
2,1,117.5,0.0,3,4.15,1,0,0,0,0,433800.04,True,False,False,False,False,False,False,False,117.5,3,0
3,3,193.6,0.0,18,7.97,0,0,0,0,0,518637.98,False,False,True,False,False,False,False,False,193.6,6,0
4,4,214.5,278.2,28,4.38,1,1,0,1,1,2254251.24,False,False,False,False,False,True,False,False,214.5,8,0
3,3,192.3,257.5,16,5.85,0,0,0,0,1,832209.29,False,False,True,False,False,False,False,True,192.3,6,0
3,2,116.5,241.6,9,21.86,0,0,1,0,1,1017650.51,False,False,False,False,False,True,False,False,116.5,5,1
3,2,201.1,386.4,13,2.2,1,0,1,1,0,1950184.92,False,False,False,False,False,False,True,False,201.1,5,0
3,3,163.7,204.3,28,8.79,1,0,1,1,1,1479319.39,False,False,False,False,False,True,False,False,163.7,6,0
3,3,195.4,0.0,8,9.57,1,0,0,1,0,1777746.13,False,False,False,False,False,False,False,False,195.4,6,0
3,3,145.0,282.0,7,0.5,1,0,1,0,1,2067917.74,False,False,False,False,False,False,False,True,145.0,6,0
2,2,133.0,0.0,23,9.97,1,0,0,0,1,511407.75,False,False,True,False,False,False,False,False,133.0,4,0
2,2,188.1,0.0,21,2.7,1,0,0,0,0,1077896.24,False,False,False,False,True,False,False,False,188.1,4,0
2,1,101.9,249.0,18,1.06,0,0,1,1,1,784573.2,False,False,False,False,True,True,False,False,101.9,3,0
4,3,219.4,0.0,12,8.12,1,0,0,0,0,954381.48,False,True,False,False,False,False,False,False,219.4,7,0
5,5,283.8,550.7,3,5.91,1,1,1,1,0,1790815.87,False,False,False,True,False,False,False,True,283.8,10,0
6,6,245.6,0.0,13,32.39,0,0,0,1,0,557875.03,False,True,False,False,False,False,False,False,245.6,12,1
3,3,184.3,288.3,18,3.78,1,0,1,1,0,1818210.15,False,False,False,False,False,False,False,True,184.3,6,0
3,2,160.0,0.0,13,4.82,0,0,0,0,0,602358.78,False,True,False,False,False,False,False,False,160.0,5,0
3,3,208.3,292.9,28,15.72,1,0,0,0,1,1376959.35,False,False,False,False,False,False,False,True,208.3,6,1
3,3,225.2,0.0,12,8.18,0,0,0,0,1,540300.14,False,False,False,True,False,False,False,False,225.2,6,0
3,2,168.1,0.0,5,12.78,0,0,0,1,1,666816.33,False,True,False,False,False,False,False,False,168.1,5,0
4,4,188.6,249.1,13,10.56,1,0,1,0,0,1814071.08,False,False,False,False,False,False,False,True,188.6,8,0
3,3,138.0,0.0,27,11.35,0,0,0,1,1,285110.53,True,False,False,False,False,False,False,False,138.0,6,0
3,3,155.7,0.0,24,24.76,0,0,1,1,0,257465.72,True,False,False,False,False,False,False,False,155.7,6,1
6,5,239.0,0.0,12,10.43,1,0,1,0,1,1666936.59,False,False,False,False,False,False,False,False,239.0,11,0
3,3,190.2,280.6,5,31.08,1,0,0,0,1,575245.93,True,False,False,False,False,False,True,False,190.2,6,1
4,4,192.2,292.9,13,20.34,0,0,0,0,1,1577183.79,False,False,False,False,False,True,False,False,192.2,8,1
3,2,204.1,445.8,29,10.12,0,0,1,0,1,520587.48,False,False,False,True,False,True,False,False,204.1,5,0
2,2,150.3,0.0,16,5.82,1,0,1,1,0,1110234.33,False,False,False,False,False,False,False,False,150.3,4,0
3,3,180.0,407.2,16,6.15,1,0,1,0,1,857862.48,True,False,False,False,False,False,True,False,180.0,6,0
4,3,198.7,0.0,11,30.0,0,0,0,0,1,786711.89,False,False,False,False,False,False,False,False,198.7,7,1
5,5,228.2,0.0,25,3.95,1,0,1,0,1,721202.32,False,True,False,False,False,False,False,False,228.2,10,0
4,4,195.9,0.0,14,4.07,1,0,0,1,0,955582.85,False,True,False,False,False,False,False,False,195.9,8,0
3,3,170.6,409.4,16,12.38,0,0,0,1,0,1305877.07,False,False,False,False,False,True,False,False,170.6,6,0
3,2,155.5,0.0,18,1.13,1,0,0,0,1,820660.15,False,True,False,False,False,False,False,False,155.5,5,0
5,5,268.9,627.7,24,17.62,0,0,0,1,0,2089732.39,False,False,False,False,False,True,False,False,268.9,10,1
1,1,99.2,222.1,1,9.96,1,0,0,0,0,513883.69,True,False,False,False,False,True,False,False,99.2,2,0
4,3,207.8,466.0,12,0.8,0,0,1,0,1,887325.88,True,False,False,False,False,False,True,False,207.8,7,0
3,3,196.4,0.0,1,7.34,0,0,0,0,0,604868.56,True,False,False,False,False,False,False,False,196.4,6,0
3,3,165.5,0.0,16,3.79,0,0,0,1,0,593086.28,False,True,False,False,False,False,False,False,165.5,6,0
1,1,99.8,225.8,26,3.84,0,0,1,1,0,788804.26,False,True,False,False,False,True,False,False,99.8,2,0
3,3,175.8,264.5,20,1.67,1,1,0,0,0,1741782.82,False,False,False,False,False,True,False,False,175.8,6,0
4,3,188.8,0.0,29,1.07,1,0,0,1,0,682790.09,True,False,False,False,False,False,False,False,188.8,7,0
3,2,161.9,0.0,24,4.14,0,0,0,1,0,816559.03,False,False,False,False,True,False,False,False,161.9,5,0
3,2,206.9,267.5,15,9.5,0,0,0,0,0,1308464.53,False,False,True,False,False,True,False,False,206.9,5,0
3,3,167.4,302.2,16,2.18,0,0,0,0,1,1208809.07,False,False,False,False,True,True,False,False,167.4,6,0
3,2,177.7,0.0,2,18.05,0,0,0,0,1,523547.63,True,False,False,False,False,False,False,False,177.7,5,1
3,3,174.0,0.0,16,2.56,0,0,1,0,0,393231.58,False,False,False,True,False,False,False,False,174.0,6,0
4,4,254.0,551.0,25,14.2,0,0,1,1,0,1400224.08,False,True,False,False,False,True,False,False,254.0,8,0
3,3,141.1,278.6,14,8.28,0,0,0,0,0,390811.14,False,False,False,True,False,True,False,False,141.1,6,0
3,2,181.0,0.0,12,44.54,0,0,1,1,1,824781.62,False,False,False,False,False,False,False,False,181.0,5,1
4,3,208.2,0.0,22,10.72,1,0,1,0,0,761649.04,False,True,False,False,False,False,False,False,208.2,7,0
2,2,119.4,0.0,22,5.98,1,0,0,0,1,629715.95,False,False,False,False,False,False,False,False,119.4,4,0
1,1,123.3,294.2,3,4.44,0,1,0,1,0,1350156.91,False,False,False,False,True,True,False,False,123.3,2,0
4,3,136.1,0.0,18,16.12,0,0,1,0,1,572155.35,False,True,False,False,False,False,False,False,136.1,7,1
2,2,143.9,237.4,19,1.68,1,1,0,0,0,1511767.41,False,False,False,False,False,True,False,False,143.9,4,0
4,3,165.6,357.6,23,7.12,0,1,1,1,1,1702359.94,False,False,False,False,False,True,False,False,165.6,7,0
6,6,275.7,685.4,4,9.47,0,0,1,1,0,2319163.39,False,False,False,False,True,True,False,False,275.7,12,0
3,3,111.4,0.0,28,22.1,1,0,0,1,0,424442.17,False,False,False,False,False,False,False,False,111.4,6,1
3,3,160.8,0.0,7,7.44,1,0,1,1,1,1078138.97,False,False,False,False,False,False,False,False,160.8,6,0
2,2,116.8,0.0,9,2.02,1,0,0,0,1,649168.61,False,False,True,False,False,False,False,False,116.8,4,0
4,4,212.8,0.0,22,8.54,1,0,0,0,1,796351.69,False,True,False,False,False,False,False,False,212.8,8,0
3,3,136.1,0.0,19,4.32,0,0,0,1,1,1037314.26,False,False,False,False,False,False,False,False,136.1,6,0
5,5,207.7,300.1,11,31.61,0,0,0,0,0,604802.32,True,False,False,False,False,True,False,False,207.7,10,1
4,3,229.4,417.1,29,2.13,0,0,0,0,1,1056168.13,False,False,True,False,False,False,False,True,229.4,7,0
3,3,183.9,0.0,15,2.44,1,0,1,0,1,598471.55,True,False,False,False,False,False,False,False,183.9,6,0
2,2,118.7,0.0,3,6.87,1,0,1,0,0,509868.56,False,False,True,False,False,False,False,False,118.7,4,0
4,4,194.3,461.2,17,1.4,1,0,0,0,1,2652051.52,False,False,False,False,False,True,False,False,194.3,8,0
4,4,194.8,450.8,7,3.68,1,1,1,0,1,1326299.95,False,False,False,True,False,True,False,False,194.8,8,0
1,1,99.8,228.9,2,2.15,0,0,1,1,1,830725.34,False,False,False,False,True,True,False,False,99.8,2,0
4,4,212.7,0.0,23,2.47,1,0,0,0,1,753170.11,True,False,False,False,False,False,False,False,212.7,8,0
3,3,127.5,0.0,6,14.91,0,0,1,1,1,507353.5,False,True,False,False,False,False,False,False,127.5,6,0
3,3,166.6,0.0,18,18.26,1,0,1,1,0,618231.85,False,False,False,False,True,False,False,False,166.6,6,1
2,1,182.1,378.0,28,5.01,0,0,1,0,1,1605382.38,False,False,False,False,False,True,False,False,182.1,3,0
2,2,110.3,0.0,12,22.21,0,0,1,1,1,486412.8,False,False,False,False,False,False,False,False,110.3,4,1
5,5,304.2,570.1,28,3.23,0,0,0,1,1,1543442.64,False,True,False,False,False,True,False,False,304.2,10,0
1,1,152.6,0.0,27,4.78,1,0,0,0,0,393236.58,True,False,False,False,False,False,False,False,152.6,2,0
3,2,205.8,286.3,24,2.51,0,1,1,0,0,696138.75,False,False,False,True,False,True,False,False,205.8,5,0
3,3,169.4,321.5,6,10.39,1,0,1,0,1,2113560.61,False,False,False,False,False,True,False,False,169.4,6,0
3,3,154.2,267.0,27,4.48,1,0,1,0,0,1557490.57,False,False,False,False,False,True,False,False,154.2,6,0
1,1,133.3,0.0,9,3.03,1,0,1,0,0,1011231.44,False,False,False,False,False,False,False,False,133.3,2,0
2,2,138.2,0.0,27,3.85,0,0,0,0,0,434907.0,False,True,False,False,False,False,False,False,138.2,4,0
1,1,153.4,191.6,19,5.05,0,1,1,1,0,1523836.87,False,False,False,False,False,False,False,True,153.4,2,0
5,5,241.9,0.0,6,6.11,1,0,0,0,0,1873536.91,False,False,False,False,False,False,False,False,241.9,10,0
4,4,209.0,487.9,8,9.26,0,0,1,0,0,1898419.63,False,False,False,False,False,False,True,False,209.0,8,0
1,1,100.3,204.3,19,1.58,0,0,1,1,1,718021.09,False,False,True,False,False,True,False,False,100.3,2,0
4,4,242.0,0.0,12,13.75,0,0,0,1,0,737688.83,False,False,True,False,False,False,False,False,242.0,8,0
3,3,190.1,0.0,14,23.54,1,0,0,0,1,837542.05,False,False,False,False,False,False,False,False,190.1,6,1
2,2,107.6,0.0,28,17.98,1,0,1,0,0,576447.95,False,False,False,False,False,False,False,False,107.6,4,1
2,1,155.1,0.0,20,9.72,0,0,0,0,0,988326.41,False,False,False,False,False,False,False,False,155.1,3,0
4,4,198.1,308.3,19,10.29,0,1,1,1,1,1093098.57,True,False,False,False,False,False,False,True,198.1,8,0
4,4,186.8,0.0,21,5.01,0,0,0,1,0,419374.92,False,False,False,True,False,False,False,False,186.8,8,0
2,2,136.6,312.7,24,1.57,0,0,0,0,1,702192.55,False,False,True,False,False,True,False,False,136.6,4,0
5,5,270.8,430.6,18,4.89,1,1,0,0,0,2263594.49,False,False,False,False,True,False,False,True,270.8,10,0
3,3,219.3,407.0,5,1.22,0,0,1,1,0,1477215.37,False,True,False,False,False,True,False,False,219.3,6,0
3,2,171.4,0.0,18,22.32,0,0,0,0,1,601702.19,False,False,False,False,False,False,False,False,171.4,5,1
4,4,213.7,0.0,12,9.13,1,0,1,0,0,1128036.78,False,False,False,False,True,False,False,False,213.7,8,0
2,1,130.5,0.0,9,35.99,0,0,0,1,0,182952.14,False,False,False,True,False,False,False,False,130.5,3,1
4,4,209.1,430.8,24,27.93,1,0,0,1,0,888211.05,False,True,False,False,False,True,False,False,209.1,8,1
4,3,182.0,0.0,2,6.18,0,0,1,0,0,557006.05,False,False,True,False,False,False,False,False,182.0,7,0
2,2,135.1,0.0,17,1.48,0,0,0,1,0,520112.77,False,False,True,False,False,False,False,False,135.1,4,0
6,5,282.8,486.5,6,4.27,1,0,0,0,0,2403296.96,False,False,False,False,False,False,True,False,282.8,11,0
3,2,183.7,278.1,18,1.01,0,0,1,1,0,1598503.42,False,False,False,False,True,True,False,False,183.7,5,0
3,3,181.1,0.0,1,1.46,0,0,0,1,1,1526476.75,False,False,False,False,False,False,False,False,181.1,6,0
3,2,183.3,0.0,27,5.64,0,0,1,1,0,1045934.17,False,False,False,False,False,False,False,False,183.3,5,0
3,3,147.2,0.0,27,1.8,1,0,0,0,0,983341.26,False,False,False,False,False,False,False,False,147.2,6,0
4,4,172.2,0.0,0,10.72,1,0,0,0,0,976813.7,False,False,False,False,True,False,False,False,172.2,8,0
2,2,161.4,293.8,8,2.39,0,1,0,1,1,1805444.32,False,False,False,False,False,False,False,True,161.4,4,0
1,1,107.9,144.1,11,9.63,0,0,0,0,1,568216.86,False,False,True,False,False,False,False,True,107.9,2,0
4,4,220.1,433.1,15,5.26,1,0,0,1,1,1520538.27,False,False,True,False,False,True,False,False,220.1,8,0
6,6,334.2,0.0,21,3.83,0,0,1,1,1,1460560.08,False,False,True,False,False,False,False,False,334.2,12,0
5,4,294.7,0.0,13,8.48,1,0,0,1,0,2197417.19,False,False,False,False,True,False,False,False,294.7,9,0
4,3,206.5,0.0,5,2.41,0,0,0,0,1,881149.1,False,True,False,False,False,False,False,False,206.5,7,0
2,1,108.8,181.7,23,7.08,0,0,0,0,0,440333.02,True,False,False,False,False,True,False,False,108.8,3,0
1,1,72.7,0.0,17,8.18,1,0,0,1,1,513903.72,False,False,False,False,False,False,False,False,72.7,2,0
3,3,183.4,0.0,1,5.72,1,0,0,0,0,634731.39,True,False,False,False,False,False,False,False,183.4,6,0
4,3,259.6,455.8,10,4.6,0,0,1,1,1,2641904.84,False,False,False,False,False,False,True,False,259.6,7,0
2,2,131.4,232.4,15,3.04,1,0,1,0,1,881415.36,False,False,True,False,False,True,False,False,131.4,4,0
3,2,188.9,0.0,24,0.63,0,0,0,0,1,870495.13,False,False,False,False,True,False,False,False,188.9,5,0
2,2,142.4,0.0,1,2.93,0,0,0,0,1,921667.87,False,False,False,False,True,False,False,False,142.4,4,0
3,3,235.1,546.8,0,1.12,1,1,1,0,0,1861046.69,False,True,False,False,False,False,False,True,235.1,6,0
6,5,254.1,328.9,21,4.54,0,0,1,1,0,1780211.06,False,False,False,False,True,False,False,True,254.1,11,0
4,4,235.3,0.0,22,12.43,0,0,1,0,1,341072.63,False,False,False,True,False,False,False,False,235.3,8,0
2,2,109.5,243.7,17,2.5,0,0,1,1,1,425828.92,False,False,False,True,False,True,False,False,109.5,4,0
4,3,201.9,487.4,23,16.07,0,0,1,0,0,645977.8,False,False,True,False,False,True,False,False,201.9,7,1
6,6,276.6,0.0,18,13.32,1,0,0,0,1,1192363.84,False,False,False,False,True,False,False,False,276.6,12,0
2,2,120.0,0.0,17,24.01,1,0,0,0,1,278756.56,False,False,True,False,False,False,False,False,120.0,4,1
3,3,177.6,363.3,14,1.5,0,0,1,0,1,1091221.66,False,True,False,False,False,False,False,True,177.6,6,0
4,4,204.3,253.5,19,4.94,0,0,1,1,1,795981.24,False,False,False,True,False,True,False,False,204.3,8,0
1,1,88.8,199.1,8,1.92,1,0,1,0,1,407913.43,True,False,False,False,False,False,True,False,88.8,2,0
2,2,136.7,279.1,3,4.86,0,0,0,1,0,766544.9,False,False,True,False,False,False,False,True,136.7,4,0
2,1,179.0,330.6,28,2.6,0,1,0,0,1,1449644.17,False,False,False,False,True,True,False,False,179.0,3,0
4,4,188.9,406.6,16,20.62,1,0,1,1,0,1110912.64,False,True,False,False,False,True,False,False,188.9,8,1
3,3,219.1,322.3,28,2.67,1,0,1,1,0,1023423.36,False,False,True,False,False,False,True,False,219.1,6,0
5,4,270.6,344.5,19,15.77,0,0,0,1,0,1266448.81,False,True,False,False,False,False,False,True,270.6,9,1
2,2,125.1,193.1,2,6.3,0,0,1,0,1,904399.97,False,False,True,False,False,True,False,False,125.1,4,0
2,2,165.1,296.8,26,10.24,0,0,1,0,1,1070363.17,False,False,False,False,False,False,True,False,165.1,4,0
2,1,150.8,342.0,4,6.77,0,0,0,0,1,942928.48,False,True,False,False,False,True,False,False,150.8,3,0
2,2,153.2,210.0,15,3.68,0,0,1,0,0,734939.6,False,True,False,False,False,False,False,True,153.2,4,0
2,2,149.3,0.0,0,2.61,0,0,0,0,0,1157126.23,False,False,False,False,False,False,False,False,149.3,4,0
2,2,128.3,0.0,12,8.95,0,0,1,1,1,1068597.33,False,False,False,False,False,False,False,False,128.3,4,0
2,1,126.5,238.9,20,7.66,1,0,0,1,1,826623.09,False,True,False,False,False,True,False,False,126.5,3,0
3,2,194.8,432.8,12,5.0,1,0,1,0,0,1824037.76,False,False,False,False,False,False,True,False,194.8,5,0
4,4,199.7,483.6,24,13.84,1,0,1,1,0,923697.03,False,False,True,False,False,True,False,False,199.7,8,0
2,2,159.6,0.0,25,1.78,0,0,1,0,0,784106.63,False,False,False,False,False,False,False,False,159.6,4,0
3,3,149.6,0.0,7,6.08,1,0,0,0,0,420696.4,True,False,False,False,False,False,False,False,149.6,6,0
5,5,254.0,305.4,13,3.29,1,0,1,0,1,2324535.55,False,False,False,False,False,False,True,False,254.0,10,0
3,2,177.0,0.0,13,7.82,0,0,0,1,0,407744.46,False,False,False,True,False,False,False,False,177.0,5,0
3,2,191.5,0.0,27,5.85,1,0,0,0,1,1310210.23,False,False,False,False,False,False,False,False,191.5,5,0
3,3,154.2,345.4,4,0.53,0,1,0,0,1,2311940.04,False,False,False,False,False,True,False,False,154.2,6,0
3,3,190.5,339.0,14,4.93,1,1,1,0,1,2777424.18,False,False,False,False,False,True,False,False,190.5,6,0
3,3,152.8,249.7,8,4.0,0,0,1,0,0,1575964.04,False,False,False,False,False,False,False,True,152.8,6,0
3,3,175.8,411.9,8,6.34,1,1,1,1,0,1494567.71,False,True,False,False,False,True,False,False,175.8,6,0
4,4,218.0,441.2,20,2.04,0,1,0,1,1,2625940.24,False,False,False,False,False,True,False,False,218.0,8,0
3,3,133.2,0.0,9,4.35,0,0,1,0,0,885423.06,False,False,False,False,False,False,False,False,133.2,6,0
4,4,206.2,274.5,23,2.57,0,0,1,1,0,1573255.96,False,False,False,False,True,False,False,True,206.2,8,0
3,2,150.2,0.0,22,14.38,0,0,0,1,1,720372.49,False,False,False,False,False,False,False,False,150.2,5,0
3,3,208.2,0.0,29,2.45,0,0,0,0,0,595354.46,False,True,False,False,False,False,False,False,208.2,6,0
3,3,180.6,397.5,15,1.59,1,0,1,0,0,1421868.04,False,False,True,False,False,True,False,False,180.6,6,0
3,3,174.2,299.3,15,3.99,0,0,0,1,0,1370955.73,False,False,False,False,False,False,False,True,174.2,6,0
6,6,277.3,578.6,12,1.4,1,0,1,0,0,2795009.26,False,False,False,False,True,True,False,False,277.3,12,0
4,3,223.7,378.1,10,2.47,0,1,1,1,1,1588273.55,False,True,False,False,False,False,False,True,223.7,7,0
3,3,139.0,282.6,6,0.84,1,0,1,0,1,2198025.34,False,False,False,False,False,True,False,False,139.0,6,0
2,1,140.0,0.0,1,3.14,0,0,0,0,0,798518.32,False,False,False,False,True,False,False,False,140.0,3,0
2,2,118.8,237.4,12,24.2,1,0,0,0,1,619384.09,False,True,False,False,False,True,False,False,118.8,4,1
4,4,222.5,0.0,8,1.3,1,0,0,0,1,1579621.23,False,False,False,False,True,False,False,False,222.5,8,0
3,3,178.8,315.9,9,15.73,0,0,0,0,0,1359251.93,False,False,False,False,False,True,False,False,178.8,6,1
3,3,124.0,210.6,0,11.56,0,0,1,0,1,891229.97,False,False,False,False,True,True,False,False,124.0,6,0
4,3,199.2,0.0,5,7.16,0,0,0,0,1,1558159.74,False,False,False,False,False,False,False,False,199.2,7,0
4,3,191.1,0.0,29,21.62,0,0,0,1,0,638620.86,False,False,False,False,False,False,False,False,191.1,7,1
4,4,225.3,0.0,2,6.3,0,0,0,1,1,1727518.27,False,False,False,False,False,False,False,False,225.3,8,0
1,1,68.6,0.0,29,1.95,0,0,0,1,1,359810.75,False,False,False,False,False,False,False,False,68.6,2,0
1,1,114.6,236.0,5,42.82,1,0,1,1,1,497700.18,False,False,True,False,False,False,False,True,114.6,2,1
5,5,236.4,467.2,3,2.15,0,0,0,1,1,2967320.65,False,False,False,False,False,True,False,False,236.4,10,0
4,4,207.7,421.5,23,10.14,0,0,0,0,0,1180659.98,False,True,False,False,False,True,False,False,207.7,8,0
2,2,148.2,240.8,7,24.5,0,0,1,0,1,1085366.27,False,False,False,False,False,False,False,True,148.2,4,1
3,3,143.8,317.5,10,18.67,0,0,1,0,1,657092.39,True,False,False,False,False,True,False,False,143.8,6,1
2,1,148.0,348.0,24,1.69,0,1,1,0,1,1128504.85,False,False,True,False,False,True,False,False,148.0,3,0
3,3,183.8,438.6,24,4.45,1,0,0,0,1,1759266.44,False,False,False,False,False,True,False,False,183.8,6,0
3,3,178.6,0.0,29,5.99,1,0,1,0,1,758363.73,False,True,False,False,False,False,False,False,178.6,6,0
4,3,211.5,517.6,18,1.76,0,0,1,1,0,781986.18,False,False,False,True,False,True,False,False,211.5,7,0
4,3,164.5,298.9,25,12.72,1,0,0,0,1,1243086.55,False,False,False,False,False,True,False,False,164.5,7,0
3,2,195.3,0.0,18,20.84,1,0,0,0,0,963382.24,False,False,False,False,False,False,False,False,195.3,5,1
3,3,208.2,506.6,26,6.09,1,0,0,1,0,1016689.48,False,True,False,False,False,True,False,False,208.2,6,0
3,3,197.7,401.8,22,7.13,1,0,0,0,0,970013.12,True,False,False,False,False,True,False,False,197.7,6,0
6,6,259.3,617.6,25,22.44,1,0,0,0,0,578206.61,False,False,False,True,False,False,True,False,259.3,12,1
1,1,99.7,141.6,23,1.22,1,0,1,0,0,744425.94,False,True,False,False,False,True,False,False,99.7,2,0
4,4,246.8,0.0,20,0.66,0,0,1,0,0,542600.48,False,False,False,True,False,False,False,False,246.8,8,0
4,3,195.4,336.7,1,3.35,1,0,1,1,1,2827098.7,False,False,False,False,False,True,False,False,195.4,7,0
3,2,188.5,465.8,8,1.32,1,1,1,0,0,1718981.07,False,False,True,False,False,True,False,False,188.5,5,0
5,5,220.6,377.5,19,11.61,1,0,1,0,1,1747331.47,False,False,False,False,False,False,True,False,220.6,10,0
3,3,136.1,0.0,3,0.96,0,0,0,0,1,974881.4,False,False,False,False,False,False,False,False,136.1,6,0
2,2,144.2,0.0,26,10.52,1,0,0,0,1,533082.43,False,True,False,False,False,False,False,False,144.2,4,0
2,2,124.3,0.0,23,6.22,0,0,0,1,1,397049.7,True,False,False,False,False,False,False,False,124.3,4,0
4,4,185.8,299.2,16,25.16,1,0,0,1,1,819157.6,False,False,False,False,True,True,False,False,185.8,8,1
2,1,150.0,289.2,12,2.13,1,0,1,1,1,1932169.56,False,False,False,False,False,True,False,False,150.0,3,0
4,3,195.6,293.9,5,7.75,0,0,1,1,0,2136321.46,False,False,False,False,False,True,False,False,195.6,7,0
4,4,197.7,330.2,13,1.98,0,1,0,1,1,2524656.2,False,False,False,False,False,True,False,False,197.7,8,0
5,5,238.7,0.0,7,8.97,0,0,0,0,0,1389839.24,False,False,False,False,False,False,False,False,238.7,10,0
4,4,243.6,455.5,25,14.89,1,0,0,1,1,685456.72,False,False,False,True,False,False,True,False,243.6,8,0
6,5,279.7,0.0,11,7.31,1,0,0,0,0,1288436.1,False,True,False,False,False,False,False,False,279.7,11,0
4,4,200.5,395.8,13,1.54,0,0,0,0,1,2373111.37,False,False,False,False,False,True,False,False,200.5,8,0
4,3,206.8,0.0,6,2.62,0,0,0,1,1,2076899.48,False,False,False,False,False,False,False,False,206.8,7,0
6,5,283.2,0.0,24,0.79,0,0,1,1,1,1904076.43,False,False,False,False,False,False,False,False,283.2,11,0
3,3,147.5,257.1,19,0.76,0,0,0,0,0,710302.49,True,False,False,False,False,True,False,False,147.5,6,0
3,3,135.6,192.4,9,5.9,0,0,1,1,0,533011.11,True,False,False,False,False,False,True,False,135.6,6,0
3,3,213.7,0.0,4,7.24,0,0,0,0,0,1372593.13,False,False,False,False,False,False,False,False,213.7,6,0
4,4,178.5,0.0,24,1.76,1,0,0,1,1,768437.21,False,True,False,False,False,False,False,False,178.5,8,0
6,5,305.0,585.8,1,10.87,1,0,0,1,0,3143314.03,False,False,False,False,False,False,False,True,305.0,11,0
2,1,144.8,297.9,7,12.69,0,0,1,0,0,1495767.52,False,False,False,False,False,True,False,False,144.8,3,0
3,3,169.3,261.1,10,3.55,0,0,0,1,1,1146797.08,False,True,False,False,False,True,False,False,169.3,6,0
3,3,192.1,395.4,19,6.72,0,0,0,1,1,1711842.87,False,False,False,False,False,True,False,False,192.1,6,0
2,1,135.5,0.0,21,1.27,1,0,0,1,1,707936.6,False,True,False,False,False,False,False,False,135.5,3,0
6,6,334.5,489.3,10,9.59,0,1,0,0,0,3341055.81,False,False,False,False,False,True,False,False,334.5,12,0
3,2,143.2,194.0,25,0.76,1,0,1,0,1,1111130.29,False,False,False,False,False,False,True,False,143.2,5,0
4,4,177.1,0.0,19,6.79,1,0,0,0,0,1159424.99,False,False,False,False,False,False,False,False,177.1,8,0
5,4,216.7,410.5,20,9.75,1,0,0,0,1,2394050.14,False,False,False,False,False,True,False,False,216.7,9,0
3,3,147.5,316.6,14,11.06,0,1,1,1,1,1562023.83,False,False,False,False,False,True,False,False,147.5,6,0
4,3,172.0,249.4,24,1.88,0,0,0,0,0,503056.89,False,False,False,True,False,False,True,False,172.0,7,0
3,2,203.1,0.0,24,5.99,0,0,0,1,1,443984.73,False,False,False,True,False,False,False,False,203.1,5,0
1,1,111.7,200.4,12,14.42,0,1,1,0,0,456332.27,True,False,False,False,False,False,False,True,111.7,2,0
4,4,227.6,305.1,2,1.54,1,0,0,0,1,1774308.21,False,False,True,False,False,True,False,False,227.6,8,0
4,4,234.9,0.0,26,5.28,0,0,0,0,1,1282004.34,False,False,False,False,False,False,False,False,234.9,8,0
4,3,212.7,0.0,28,6.91,0,0,0,1,0,755153.35,False,False,True,False,False,False,False,False,212.7,7,0
4,4,212.4,0.0,16,0.73,0,0,1,1,1,1034891.59,False,False,True,False,False,False,False,False,212.4,8,0
3,3,162.1,243.7,3,2.15,0,0,1,1,1,2200553.41,False,False,False,False,False,True,False,False,162.1,6,0
6,5,268.8,577.3,8,3.05,0,0,1,1,0,2528319.63,False,True,False,False,False,True,False,False,268.8,11,0
3,3,180.9,387.7,8,1.04,1,0,0,0,0,1986813.95,False,False,False,False,False,True,False,False,180.9,6,0
3,2,160.4,341.9,21,12.98,0,0,0,0,0,1072507.94,False,False,False,False,True,True,False,False,160.4,5,0
4,3,185.8,0.0,12,6.18,0,0,0,0,1,1224088.93,False,False,False,False,False,False,False,False,185.8,7,0
5,4,269.3,0.0,16,4.86,1,0,1,1,1,789846.58,False,False,False,True,False,False,False,False,269.3,9,0
3,2,168.7,271.3,6,11.06,0,0,1,0,0,1639603.75,False,False,False,False,False,True,False,False,168.7,5,0
4,3,195.3,483.3,18,3.48,1,0,0,0,0,592425.05,False,False,False,True,False,False,True,False,195.3,7,0
2,2,110.6,0.0,15,25.41,0,0,1,1,0,247453.05,False,False,True,False,False,False,False,False,110.6,4,1
2,2,157.2,328.5,25,12.61,1,0,0,1,0,1179930.41,False,False,False,False,False,False,True,False,157.2,4,0
2,2,131.5,309.5,21,6.91,0,1,1,0,1,695901.51,False,True,False,False,False,True,False,False,131.5,4,0
5,5,221.9,0.0,18,10.11,0,0,0,0,1,772694.56,False,False,False,False,True,False,False,False,221.9,10,0
4,4,185.1,404.2,29,4.98,0,0,0,0,0,1523204.01,False,False,False,False,False,True,False,False,185.1,8,0
2,2,122.2,0.0,12,4.8,1,0,0,0,0,831608.87,False,False,False,False,True,False,False,False,122.2,4,0
4,3,227.1,476.3,27,2.14,0,0,0,0,1,887060.68,False,False,True,False,False,False,True,False,227.1,7,0
3,3,190.0,285.9,1,6.29,1,0,1,0,0,767570.24,False,False,False,True,False,False,True,False,190.0,6,0
5,5,224.6,0.0,15,17.65,1,0,0,0,0,713315.23,False,True,False,False,False,False,False,False,224.6,10,1
4,4,250.5,594.5,6,21.9,0,0,1,0,1,2083227.37,False,False,False,False,False,True,False,False,250.5,8,1
3,2,175.3,230.5,20,17.13,0,0,1,0,0,569536.38,True,False,False,False,False,True,False,False,175.3,5,1
3,3,187.2,0.0,2,9.51,0,0,1,1,0,683093.35,True,False,False,False,False,False,False,False,187.2,6,0
3,3,213.3,0.0,19,5.24,0,0,0,0,0,713246.29,False,False,True,False,False,False,False,False,213.3,6,0
2,1,159.0,0.0,1,7.19,0,0,0,0,0,1042055.22,False,False,False,False,False,False,False,False,159.0,3,0
2,2,116.9,0.0,26,0.56,1,0,1,0,0,236967.84,False,False,False,True,False,False,False,False,116.9,4,0
4,4,199.0,471.6,12,7.18,1,0,1,1,1,1436989.4,False,True,False,False,False,True,False,False,199.0,8,0
4,4,220.2,416.6,4,37.43,1,0,0,0,1,936376.76,False,False,True,False,False,True,False,False,220.2,8,1
2,2,97.9,238.1,1,0.9,0,0,1,0,0,997196.87,False,False,False,False,False,False,True,False,97.9,4,0
2,1,143.7,0.0,19,3.04,1,0,1,1,0,342142.23,False,False,False,True,False,False,False,False,143.7,3,0
3,3,160.3,240.4,17,13.15,1,0,0,0,1,1245459.88,False,False,False,False,True,True,False,False,160.3,6,0
3,3,176.0,0.0,14,4.15,0,0,1,0,0,617138.17,False,True,False,False,False,False,False,False,176.0,6,0
3,2,202.7,466.0,4,1.16,1,1,0,1,1,2082601.8,False,True,False,False,False,False,False,True,202.7,5,0
2,1,159.8,0.0,22,7.74,1,0,0,1,0,886587.2,False,False,False,False,False,False,False,False,159.8,3,0
3,2,177.6,253.6,14,14.48,0,0,1,1,0,870022.64,False,False,True,False,False,True,False,False,177.6,5,0
4,3,246.6,0.0,20,3.69,0,0,1,1,1,1469692.86,False,False,False,False,True,False,False,False,246.6,7,0
2,2,89.3,0.0,9,27.5,1,0,1,0,0,483099.36,False,False,False,False,False,False,False,False,89.3,4,1
2,2,143.8,262.7,27,14.06,0,1,0,1,0,905697.41,False,False,False,False,False,False,False,True,143.8,4,0
2,2,132.8,269.0,4,5.62,0,0,0,0,0,1031461.31,False,False,False,False,False,False,True,False,132.8,4,0
2,2,176.6,0.0,8,1.93,0,0,1,0,1,1442014.39,False,False,False,False,False,False,False,False,176.6,4,0
2,1,163.8,307.2,27,16.94,0,0,1,0,1,735373.8,False,False,False,False,True,False,False,True,163.8,3,1
4,4,225.4,0.0,23,1.25,0,0,0,0,1,567492.13,False,False,False,True,False,False,False,False,225.4,8,0
3,2,183.2,0.0,3,2.75,1,0,0,0,0,968777.38,False,True,False,False,False,False,False,False,183.2,5,0
5,5,229.6,383.1,5,26.03,0,0,0,1,0,1391310.37,False,False,False,False,False,True,False,False,229.6,10,1
1,1,61.3,101.3,15,2.53,1,0,1,1,1,679246.61,False,False,False,False,False,True,False,False,61.3,2,0
6,6,276.8,634.3,27,1.39,1,1,0,1,0,1333100.7,True,False,False,False,False,True,False,False,276.8,12,0
3,3,134.8,0.0,16,5.85,1,0,0,0,0,726747.83,False,False,False,False,True,False,False,False,134.8,6,0
2,2,180.3,0.0,9,28.27,1,0,0,0,1,259548.72,False,False,False,True,False,False,False,False,180.3,4,1
5,5,212.1,0.0,19,3.59,1,0,0,0,0,473356.18,False,False,False,True,False,False,False,False,212.1,10,0
2,2,125.2,214.2,25,5.9,0,0,0,0,0,474138.97,True,False,False,False,False,True,False,False,125.2,4,0
2,2,125.1,170.7,21,21.8,0,0,1,1,1,841719.13,False,False,False,False,False,True,False,False,125.1,4,1
2,1,135.8,0.0,2,27.86,1,0,0,1,0,733328.24,False,False,False,False,False,False,False,False,135.8,3,1
2,1,147.4,0.0,3,13.41,1,0,0,0,1,722300.6,False,True,False,False,False,False,False,False,147.4,3,0
3,3,176.1,215.0,11,10.3,1,0,1,0,1,1202094.66,False,False,False,False,True,False,True,False,176.1,6,0
4,4,223.7,0.0,15,1.08,0,0,1,1,0,959596.81,False,True,False,False,False,False,False,False,223.7,8,0
4,3,213.7,0.0,15,11.15,1,0,0,0,0,433562.94,False,False,False,True,False,False,False,False,213.7,7,0
3,3,189.5,375.2,21,11.89,1,0,0,1,0,1539889.34,False,False,False,False,False,False,False,True,189.5,6,0
5,5,256.7,423.6,23,3.09,0,0,1,0,1,1824768.04,False,False,False,False,True,False,True,False,256.7,10,0
3,3,192.4,340.5,16,31.55,0,0,1,0,0,937391.49,False,False,False,False,False,False,True,False,192.4,6,1
1,1,156.7,317.8,10,3.95,0,0,0,0,1,1518991.94,False,False,False,False,False,True,False,False,156.7,2,0
4,4,198.4,0.0,3,1.25,1,0,0,0,0,1040866.08,False,True,False,False,False,False,False,False,198.4,8,0
3,2,160.2,0.0,1,3.2,1,0,1,0,0,1290828.44,False,False,False,False,True,False,False,False,160.2,5,0
4,4,188.6,0.0,28,19.07,0,0,1,0,1,409822.16,False,False,True,False,False,False,False,False,188.6,8,1
1,1,122.0,0.0,6,1.71,0,0,0,0,1,501115.33,False,True,False,False,False,False,False,False,122.0,2,0
2,1,124.1,290.6,6,4.99,1,0,1,0,1,1226356.62,False,True,False,False,False,True,False,False,124.1,3,0
5,4,234.2,385.5,12,7.74,0,1,0,1,0,1923473.89,False,False,False,False,True,False,False,True,234.2,9,0
3,3,164.8,337.5,10,14.03,1,0,1,0,1,725893.89,False,False,True,False,False,False,True,False,164.8,6,0
4,3,229.8,498.5,16,4.96,0,0,1,1,0,1705149.58,False,True,False,False,False,True,False,False,229.8,7,0
4,3,209.4,521.0,8,5.42,1,0,1,0,1,2480081.56,False,False,False,False,False,True,False,False,209.4,7,0
4,4,206.3,0.0,10,19.23,0,0,1,0,1,1051342.25,False,False,False,False,False,False,False,False,206.3,8,1
2,1,139.1,334.1,16,13.28,0,0,0,0,0,1153984.69,False,False,False,False,False,False,False,True,139.1,3,0
3,3,162.2,0.0,7,2.39,0,0,0,1,0,1382825.71,False,False,False,False,False,False,False,False,162.2,6,0
4,3,221.0,426.5,2,7.54,1,0,1,0,0,1790752.56,False,True,False,False,False,False,False,True,221.0,7,0
3,2,161.2,0.0,27,6.4,0,0,1,0,1,801405.15,False,False,False,False,False,False,False,False,161.2,5,0
6,6,284.0,0.0,11,17.28,1,0,1,0,0,1742754.0,False,False,False,False,False,False,False,False,284.0,12,1
5,5,232.1,402.0,15,21.8,1,0,1,1,0,1049578.54,False,True,False,False,False,False,False,True,232.1,10,1
3,3,180.0,225.8,27,1.22,1,0,1,0,1,1505435.51,False,False,False,False,False,False,False,True,180.0,6,0
3,2,112.7,0.0,5,15.61,1,0,1,0,0,442726.31,False,False,True,False,False,False,False,False,112.7,5,1
2,2,146.0,0.0,7,5.28,1,0,0,0,0,1298900.51,False,False,False,False,False,False,False,False,146.0,4,0
4,3,197.1,0.0,25,9.06,1,0,0,0,0,793889.22,False,False,False,False,True,False,False,False,197.1,7,0
4,4,192.0,0.0,3,22.3,0,0,0,0,0,850571.26,False,False,False,False,False,False,False,False,192.0,8,1
3,2,186.8,300.9,15,1.17,1,0,0,1,0,2101722.67,False,False,False,False,False,True,False,False,186.8,5,0
2,2,194.1,239.6,11,6.91,1,0,0,1,1,1268433.68,False,False,False,False,True,False,True,False,194.1,4,0
5,5,248.1,303.8,22,6.05,1,0,1,0,0,1462031.54,False,False,False,False,True,False,True,False,248.1,10,0
4,3,167.9,0.0,2,31.29,0,0,0,1,1,747628.07,False,False,False,False,False,False,False,False,167.9,7,1
4,3,274.2,630.6,7,4.03,0,1,1,0,0,1879384.02,False,False,True,False,False,True,False,False,274.2,7,0
3,3,159.7,396.6,25,18.27,1,0,1,1,1,821478.12,False,True,False,False,False,False,False,True,159.7,6,1
3,2,146.5,365.5,16,0.81,0,0,0,1,0,1382466.28,False,False,False,False,False,True,False,False,146.5,5,0
5,4,265.6,0.0,17,6.89,0,0,0,0,0,971062.16,False,True,False,False,False,False,False,False,265.6,9,0
2,2,133.9,276.5,29,6.74,0,0,1,0,0,668412.02,False,True,False,False,False,True,False,False,133.9,4,0
6,6,299.7,0.0,2,1.2,1,0,0,0,0,2209898.74,False,False,False,False,True,False,False,False,299.7,12,0
3,3,214.8,0.0,10,3.09,0,0,0,0,0,1627337.26,False,False,False,False,False,False,False,False,214.8,6,0
2,1,158.9,235.5,15,4.84,0,0,1,0,1,846514.52,True,False,False,False,False,True,False,False,158.9,3,0
6,6,257.6,542.6,26,12.11,0,1,0,0,1,1111885.65,False,False,True,False,False,False,False,True,257.6,12,0
4,3,240.6,485.3,17,1.07,0,0,1,0,0,2071552.38,False,False,False,False,False,False,False,True,240.6,7,0
3,3,161.1,0.0,22,1.44,0,0,1,1,1,527877.47,True,False,False,False,False,False,False,False,161.1,6,0
3,3,173.4,324.4,29,23.42,0,0,0,1,1,698974.91,False,False,False,False,False,False,False,True,173.4,6,1
4,3,158.8,371.3,15,2.45,0,1,0,0,1,1993226.7,False,False,False,False,False,False,False,True,158.8,7,0
1,1,88.7,0.0,14,1.27,0,0,0,0,0,475003.1,False,False,False,False,True,False,False,False,88.7,2,0
2,1,125.5,0.0,7,12.07,1,0,0,1,0,509603.98,False,False,True,False,False,False,False,False,125.5,3,0
3,3,203.2,0.0,14,0.9,1,0,0,0,0,1578584.49,False,False,False,False,False,False,False,False,203.2,6,0
4,4,247.3,304.8,6,1.47,0,0,0,1,1,2170994.58,False,False,False,False,True,True,False,False,247.3,8,0
4,3,208.5,0.0,14,1.99,1,0,0,0,0,1078851.8,False,True,False,False,False,False,False,False,208.5,7,0
3,2,202.4,349.2,8,15.54,0,0,0,0,0,1851832.24,False,False,False,False,False,True,False,False,202.4,5,1
3,3,174.2,390.0,14,1.87,1,0,0,0,0,1782394.76,False,False,False,False,False,True,False,False,174.2,6,0
2,2,147.9,352.4,20,11.04,1,0,1,1,0,578410.77,False,True,False,False,False,False,True,False,147.9,4,0
4,4,206.7,318.7,5,3.62,1,0,1,1,1,1616707.92,False,True,False,False,False,True,False,False,206.7,8,0
5,5,208.6,267.6,26,4.7,1,0,0,1,1,2151732.9,False,False,False,False,False,True,False,False,208.6,10,0
4,4,235.6,0.0,6,5.86,1,0,1,0,1,1352584.94,False,True,False,False,False,False,False,False,235.6,8,0
6,5,305.0,0.0,4,2.43,1,0,1,1,0,1764232.05,False,True,False,False,False,False,False,False,305.0,11,0
5,4,242.0,459.3,7,2.69,1,1,1,0,0,3178861.08,False,False,False,False,False,True,False,False,242.0,9,0
4,4,181.4,239.0,5,21.93,0,0,1,0,0,1122386.28,False,False,False,False,True,True,False,False,181.4,8,1
2,1,164.9,0.0,22,2.51,0,0,0,0,1,670921.21,False,False,False,False,True,False,False,False,164.9,3,0
2,2,126.2,294.9,10,11.79,0,0,0,0,1,1405392.73,False,False,False,False,False,True,False,False,126.2,4,0
1,1,80.5,0.0,26,6.95,1,0,1,1,1,350780.52,False,True,False,False,False,False,False,False,80.5,2,0
2,2,165.4,0.0,13,7.66,1,0,0,0,1,1279658.04,False,False,False,False,False,False,False,False,165.4,4,0
3,3,122.2,174.6,9,7.73,0,0,1,0,0,891725.09,False,False,False,False,True,False,False,True,122.2,6,0
4,3,165.7,0.0,5,6.32,0,0,0,0,1,1304078.44,False,False,False,False,False,False,False,False,165.7,7,0
2,1,124.2,170.8,17,38.16,1,0,1,1,1,584576.78,False,False,False,False,True,False,False,True,124.2,3,1
3,3,174.4,0.0,27,2.71,1,0,1,1,1,1377078.62,False,False,False,False,False,False,False,False,174.4,6,0
5,4,226.7,0.0,1,1.29,0,0,0,1,0,1097892.55,False,False,True,False,False,False,False,False,226.7,9,0
5,4,226.8,452.4,28,12.09,1,0,0,0,1,1589855.52,False,False,False,False,True,True,False,False,226.8,9,0
3,2,229.3,277.6,7,9.16,1,0,1,0,1,3145173.61,False,False,False,False,False,True,False,False,229.3,5,0
3,2,199.4,385.0,18,8.87,0,0,0,1,0,1316461.97,False,False,False,False,False,False,True,False,199.4,5,0
3,3,208.8,473.7,12,4.34,0,0,0,0,1,1146200.72,True,False,False,False,False,True,False,False,208.8,6,0
4,4,194.6,0.0,28,7.42,0,0,0,0,0,378401.19,True,False,False,False,False,False,False,False,194.6,8,0
4,3,143.5,343.0,19,8.37,0,0,0,0,0,1070384.54,False,False,False,False,False,False,False,True,143.5,7,0
2,2,129.9,317.7,19,9.48,1,0,1,1,1,442522.67,False,False,False,True,False,False,False,True,129.9,4,0
2,2,158.9,340.5,3,3.17,1,0,0,0,1,1790311.36,False,False,False,False,False,False,True,False,158.9,4,0
5,5,236.5,432.6,29,3.9,1,0,1,1,0,2381732.97,False,False,False,False,False,True,False,False,236.5,10,0
2,2,51.7,0.0,1,4.02,1,0,1,1,1,229985.78,True,False,False,False,False,False,False,False,51.7,4,0
3,2,157.6,379.5,14,6.3,0,0,1,1,1,907002.57,False,True,False,False,False,False,True,False,157.6,5,0
4,4,226.9,0.0,17,1.25,0,0,0,1,1,987439.75,False,True,False,False,False,False,False,False,226.9,8,0
4,4,222.3,471.9,20,2.75,0,0,1,1,0,2053893.82,False,False,False,False,False,False,True,False,222.3,8,0
2,2,84.0,0.0,28,5.97,1,0,0,0,0,297739.67,False,True,False,False,False,False,False,False,84.0,4,0
4,4,204.3,450.2,15,3.31,1,0,0,0,0,1089027.11,False,True,False,False,False,False,False,True,204.3,8,0
3,2,177.9,0.0,12,10.77,1,0,0,0,0,518193.97,True,False,False,False,False,False,False,False,177.9,5,0
6,6,265.2,0.0,27,4.38,1,0,0,0,0,1548971.68,False,False,False,False,False,False,False,False,265.2,12,0
3,3,170.7,274.6,10,2.04,1,0,0,1,1,1145792.85,False,False,True,False,False,True,False,False,170.7,6,0
5,4,268.1,418.3,12,3.94,0,0,0,1,1,3298524.05,False,False,False,False,False,True,False,False,268.1,9,0
2,2,115.9,0.0,2,5.71,0,0,0,0,1,605013.93,False,False,True,False,False,False,False,False,115.9,4,0
3,2,177.0,0.0,1,4.79,1,0,0,0,1,2043300.24,False,False,False,False,False,False,False,False,177.0,5,0
3,2,221.1,357.7,17,11.68,1,0,1,1,1,1801762.13,False,False,False,False,False,True,False,False,221.1,5,0
2,2,168.7,400.8,9,2.8,1,0,1,1,0,1616657.79,False,False,False,False,False,False,True,False,168.7,4,0
3,3,193.6,416.2,3,4.82,0,0,0,0,0,1965559.38,False,False,False,False,False,True,False,False,193.6,6,0
3,2,219.1,0.0,11,10.62,1,0,1,1,0,1369564.5,False,False,False,False,False,False,False,False,219.1,5,0
6,5,273.4,561.3,24,1.06,0,0,1,1,1,2028895.36,False,False,False,False,True,True,False,False,273.4,11,0
4,4,209.1,0.0,1,6.26,1,0,0,0,1,1133033.4,False,True,False,False,False,False,False,False,209.1,8,0
2,1,112.4,0.0,25,5.01,1,0,0,0,0,699055.98,False,False,False,False,False,False,False,False,112.4,3,0
3,2,203.8,287.3,23,3.57,0,0,0,0,0,1074891.33,False,True,False,False,False,True,False,False,203.8,5,0
3,3,241.5,484.6,22,2.39,1,0,0,0,1,1654242.69,False,True,False,False,False,True,False,False,241.5,6,0
2,2,139.9,0.0,10,5.08,0,0,1,0,0,803455.15,False,False,False,False,True,False,False,False,139.9,4,0
3,3,172.4,0.0,9,7.1,1,0,1,0,1,514938.95,False,False,False,True,False,False,False,False,172.4,6,0
2,2,150.9,279.5,13,5.65,0,0,0,0,1,1194397.48,False,False,False,False,False,False,True,False,150.9,4,0
3,3,217.9,265.6,15,1.78,0,0,1,1,1,1453822.96,False,False,False,False,True,False,True,False,217.9,6,0
3,2,182.3,338.2,0,1.92,0,0,0,1,0,1483382.3,False,False,False,False,False,False,False,True,182.3,5,0
3,2,194.8,447.8,27,2.21,0,0,1,0,1,1995363.36,False,False,False,False,False,True,False,False,194.8,5,0
3,2,213.2,0.0,28,13.15,1,0,0,0,1,455384.33,False,False,True,False,False,False,False,False,213.2,5,0
4,4,250.3,485.3,25,31.69,0,0,1,0,1,854105.51,False,True,False,False,False,False,False,True,250.3,8,1
2,1,141.2,0.0,13,13.6,0,0,0,0,1,594096.59,False,True,False,False,False,False,False,False,141.2,3,0
5,5,276.1,0.0,19,3.68,0,0,0,1,1,2189010.6,False,False,False,False,False,False,False,False,276.1,10,0
4,4,176.6,376.9,17,5.28,1,0,0,0,1,1645122.54,False,False,False,False,False,False,False,True,176.6,8,0
2,2,154.4,194.7,22,23.09,0,0,1,0,0,521702.69,False,False,True,False,False,True,False,False,154.4,4,1
3,3,161.2,402.3,2,3.27,0,1,0,0,1,1863696.74,False,False,False,False,False,True,False,False,161.2,6,0
3,3,186.1,426.8,29,4.28,1,0,1,1,1,682514.17,False,False,False,True,False,True,False,False,186.1,6,0
3,2,164.1,394.7,13,1.14,0,0,0,0,0,1171175.69,False,False,False,False,True,False,False,True,164.1,5,0
3,3,191.9,267.4,17,5.83,0,0,0,0,0,753217.03,False,False,True,False,False,True,False,False,191.9,6,0
3,2,190.9,0.0,23,15.54,1,0,1,1,1,833837.62,False,False,False,False,True,False,False,False,190.9,5,1
3,3,238.1,457.4,11,25.14,0,0,1,1,1,631626.42,True,False,False,False,False,True,False,False,238.1,6,1
3,3,172.9,0.0,6,9.74,0,0,0,0,0,1041694.73,False,False,False,False,False,False,False,False,172.9,6,0
3,3,224.2,370.1,16,14.24,0,0,1,0,1,1254346.86,False,False,False,False,True,False,False,True,224.2,6,0
3,3,164.2,0.0,16,8.53,0,0,0,0,0,972108.94,False,False,False,False,False,False,False,False,164.2,6,0
3,3,211.8,0.0,0,4.88,0,0,0,1,0,1781132.73,False,False,False,False,False,False,False,False,211.8,6,0
3,3,168.6,0.0,1,4.41,0,0,1,0,0,453599.8,False,False,False,True,False,False,False,False,168.6,6,0
2,1,131.8,273.5,3,2.21,0,0,1,0,1,1239085.81,False,False,True,False,False,True,False,False,131.8,3,0
4,3,177.3,0.0,10,0.54,1,0,0,0,0,609658.45,True,False,False,False,False,False,False,False,177.3,7,0
3,3,161.8,0.0,12,1.85,0,0,0,0,1,1470626.64,False,False,False,False,False,False,False,False,161.8,6,0
4,4,215.3,0.0,21,4.39,0,0,0,1,1,1341976.41,False,False,False,False,False,False,False,False,215.3,8,0
5,4,267.4,0.0,20,3.16,0,0,1,1,0,651266.55,False,False,False,True,False,False,False,False,267.4,9,0
3,2,202.3,366.2,14,1.63,1,0,1,0,0,1170827.68,True,False,False,False,False,True,False,False,202.3,5,0
3,3,146.2,0.0,4,4.47,1,0,1,1,1,1324631.43,False,False,False,False,False,False,False,False,146.2,6,0
3,3,186.1,0.0,2,22.32,1,0,0,1,1,506801.29,True,False,False,False,False,False,False,False,186.1,6,1
6,6,284.3,519.6,26,21.77,0,0,0,0,1,1075047.46,False,True,False,False,False,True,False,False,284.3,12,1
3,3,156.6,208.5,4,18.48,1,0,1,0,1,514773.92,False,False,False,True,False,True,False,False,156.6,6,1
2,2,110.9,0.0,5,39.55,0,0,0,0,0,433213.6,False,False,False,False,False,False,False,False,110.9,4,1
3,2,178.5,392.4,8,6.9,0,0,0,1,0,720299.21,False,False,False,True,False,True,False,False,178.5,5,0
3,2,180.4,323.4,21,0.51,1,0,1,0,0,1293767.22,False,False,False,False,True,False,True,False,180.4,5,0
3,3,132.3,0.0,29,9.46,1,0,0,0,0,571640.55,False,False,False,False,True,False,False,False,132.3,6,0
2,1,194.3,0.0,21,6.54,0,0,1,0,0,692823.55,False,False,True,False,False,False,False,False,194.3,3,0
5,5,231.6,0.0,22,17.43,0,0,1,1,1,1387913.66,False,False,False,False,False,False,False,False,231.6,10,1
4,3,226.8,425.0,29,17.06,0,0,0,0,1,848329.33,False,False,False,False,True,False,True,False,226.8,7,1
3,2,206.5,0.0,19,4.35,0,0,1,0,1,924357.17,False,True,False,False,False,False,False,False,206.5,5,0
4,3,206.7,347.0,9,2.34,1,0,0,0,1,1351900.51,False,True,False,False,False,False,True,False,206.7,7,0
4,4,230.3,436.1,12,9.18,0,0,0,0,1,1353854.71,False,True,False,False,False,True,False,False,230.3,8,0
5,5,270.5,0.0,29,0.88,0,0,0,0,0,1316256.01,False,False,False,False,False,False,False,False,270.5,10,0
2,2,101.2,0.0,8,4.75,0,0,1,1,0,872411.41,False,False,False,False,False,False,False,False,101.2,4,0
2,1,148.9,235.2,12,0.74,0,1,1,0,1,1767898.75,False,False,False,False,False,True,False,False,148.9,3,0
3,3,167.1,230.8,0,2.65,1,1,0,1,1,1634246.57,False,True,False,False,False,True,False,False,167.1,6,0
3,2,165.2,211.7,16,8.83,0,0,0,1,0,724135.38,False,True,False,False,False,False,False,True,165.2,5,0
3,3,185.0,0.0,22,7.29,0,0,0,1,0,1024648.92,False,False,False,False,True,False,False,False,185.0,6,0
2,1,146.1,363.7,9,2.76,1,0,0,1,0,1030725.65,False,False,False,False,True,False,False,True,146.1,3,0
3,3,115.2,0.0,0,5.66,1,0,0,1,1,570143.31,False,False,True,False,False,False,False,False,115.2,6,0
4,4,198.8,353.9,5,6.06,1,0,1,0,0,2417303.46,False,False,False,False,False,True,False,False,198.8,8,0
2,1,182.5,287.0,6,15.58,1,1,0,0,1,1922139.85,False,False,False,False,False,True,False,False,182.5,3,1
4,3,247.6,360.0,21,5.87,1,1,0,0,0,1540953.68,False,True,False,False,False,True,False,False,247.6,7,0
3,2,145.9,206.3,26,12.54,0,0,0,0,1,980692.53,False,False,False,False,False,False,False,True,145.9,5,0
5,5,248.9,0.0,19,26.35,1,0,0,0,0,839530.49,False,False,False,False,True,False,False,False,248.9,10,1
4,4,261.9,489.2,20,9.25,1,0,0,1,0,1483084.28,False,True,False,False,False,False,False,True,261.9,8,0
3,3,167.4,281.6,5,1.35,0,0,0,1,1,1490568.44,False,False,False,False,True,False,False,True,167.4,6,0
3,3,180.6,0.0,28,40.99,0,0,0,0,1,334046.19,False,True,False,False,False,False,False,False,180.6,6,1
4,3,207.9,373.4,5,8.65,1,0,1,0,1,1070726.42,True,False,False,False,False,False,False,True,207.9,7,0
5,5,236.7,535.6,12,5.49,0,0,0,1,1,1447574.23,False,False,True,False,False,True,False,False,236.7,10,0
4,3,251.8,0.0,22,7.23,0,0,0,0,1,1677905.93,False,False,False,False,False,False,False,False,251.8,7,0
4,3,188.1,288.9,9,3.48,0,0,0,0,0,755412.0,True,False,False,False,False,False,False,True,188.1,7,0
5,5,211.7,0.0,9,8.14,0,0,0,0,0,1379798.56,False,False,False,False,False,False,False,False,211.7,10,0
2,2,152.2,0.0,5,7.3,1,0,1,1,1,522493.26,False,False,False,True,False,False,False,False,152.2,4,0
4,3,213.3,0.0,26,12.77,0,0,0,0,0,510942.64,False,True,False,False,False,False,False,False,213.3,7,0
3,2,186.0,0.0,17,4.86,1,0,1,1,0,1003409.78,False,False,False,False,True,False,False,False,186.0,5,0
3,3,148.5,0.0,21,4.87,1,0,0,0,0,544338.13,False,False,True,False,False,False,False,False,148.5,6,0
4,4,245.0,478.6,29,10.27,1,0,1,0,0,1573533.84,False,False,False,False,False,False,True,False,245.0,8,0
